,AuthorName,Sex,NativeLanguage,PhDYear,Note
0,George David Norman Worswick,Male,,,
75,Franz Gehrels,Male,,,
78,Harvey Leibenstein,Male,,,
194,Egon Sohmen,Male,,,
200,Abraham P Lerner,Male,,,
270,Francis Michel Bator,Male,,,
282,Hyman Philip Minsky,Male,,,
286,David Granick,Male,,,
292,Harold H Liebhafsky,Male,,,
365,Amartya Sen,Male,,,
400,Carl Sumner Shoup,Male,,,
530,Anthony de Jasay,Male,,,
581,Calvin Bryce Hoover,Male,,,
630,Charles Raymond Whittlesey,Male,,,
647,Donald J. Bogue,Male,,,
740,Daniel Ellsberg,Male,,,
894,David van Dantzig,Male,,,
933,George Lennox Sharman Shackle,Male,,,
937,Edith Penrose,Female,,,
958,Henry J. Bruton,Male,,,
965,Frank de Jong,Male,,,
1014,Charles Mills Tiebout,Male,,,
1131,Harvey J. Levin:,Male,,,
1138,Enrique Lerdau,Male,,,
1156,Frederick Harris Harbison,Male,,,
1276,Charles Wolf,Male,,,
1277,George H. Hildebrand,Male,,,
1298,James C. Nelson,Male,,,
1302,Benjamin Higgins,Male,,,
1317,Edgar O. Edwards,Male,,,
1327,Frank H. H. King,Male,,,
1338,G. Warren Nutter,Male,,,
1346,Charlotte P. Alhadeff,Female,,,
1347,David A. Alhadeff,Male,,,
1350,Alex Hunter,Male,,,
1351,Andrew F. Brimmer,Male,,,
1352,Bruce Glassburner,Male,,,
1361,James M. Henderson,Male,,,
1364,Edward Nevin,Male,,,
1368,Francois Morin,Male,,,
1382,Robert E. Weintraub,Male,,,
1384,E. Cary Brown,Male,,,
1406,Colin D. Campbell,Male,,,
1427,Dennis Holme Robertson,Male,,,
1438,Carl Major Wright,Male,,,
1442,Donald Macdougall,Male,,,
1450,Ernest H. Stern,Male,,,
1454,Brian Tew,Male,,,
1459,Bruce F. Johnston,Male,,,
1470,George W. Wilson,Male,,,
1473,Deane C. Carson,Male,,,
1479,Alfred Zauberman,Male,,,
1481,Alfred R. Oxenfeldt,Male,,,
1485,Ernest Van Den Haag,Male,,,
1487,John P. Henderson,Male,,,
1494,Fritz Machlup,Male,,,
1499,Edward Victor Morgan,Male,,,
1505,Alvin H. Hansen,Male,,,
1517,George Christopher Archibald,Male,,,
1520,Adolf Sturmthal,Male,,,
1546,Frederick T. Moore,Male,,,
1548,Bert F. Hoselitz,Male,,,
1565,Robert E. Baldwin,Male,,,
1572,Henry G. Aubrey,Male,,,
1589,Daniel M. Holland,Male,,,
1620,Charles Addison Hickman,Male,,,
1631,Ford K. Edwards,Male,,,
1640,Fred M. Westfield,Male,,,
1644,Arnold P. Collery,Male,,,
1645,Harold Lydall,Male,,,
1650,Donald Dewey,Male,,,
1663,Anthony Scott,Male,,,
1667,Frank H. Knight,Male,,,
1689,George V. Stocking,Male,,,
1726,Kevin X. D. Huang,Male,,,
1731,Giuseppe Migali,Male,,,
1732,Andrew E. Clark,Male,,,
1749,Giorgio Brunello,Male,,,
1759,Corinne Prost,Female,,,
1792,Richard Blundell,Male,,,
1821,Helmut Rainer,Male,,,
1829,Sarah Smith,Female,,,
1837,Bernard Sinclair-Desgagne,Male,,,
1851,David P. Myatt,Male,,,
1863,John Carlson,Male,,,
1866,Bruce Mcgough,Male,,,
1871,Hiau Looi Kee,Female,,,
1874,Alessandro Nicita,Male,,,
1911,Armin Schwienbacher,Male,,,
1915,Eduardo Levy Yeyati,Male,,,
1919,David Vestin,Male,,,
1920,Bernardin Akitoby,Male,,,
1927,Andrea Caggese,Male,,,
1929,Eyal Baharad,Male,,,
1938,Gregorios Siourounis,Male,,,
1940,Federico Weinschelbaum,Male,,,
1952,Akira Maeda,Male,,,
2022,Dana Heller,Female,,,
2040,David Bjerk,Male,,,
2063,Gianna Boero,Female,,,
2064,Jeremy Smith,Male,,,
2067,Anthony Garratt,Male,,,
2071,Holger Strulik,Male,,,
2084,Christian A. L. Hilber,Male,,,
2088,Richard E. Lucas,Male,,,
2096,Christina Paxson,Female,,,
2102,Anne E. Polivka,Female,,,
2103,Ariel R. Belasen,Male,,,
2122,Christopher Geissler,Male,,,
2125,James Poterba,Male,,,
2147,Daniel C. Esty,Male,,,
2148,Martin Feldstein,Male,,,
2154,Richard Baldwin,Male,,,
2156,Erik Berglof,Male,,,
2158,Guldo Friebel,Male,,,
2160,Carlo Favero,Male,,,
2171,Bernard Salanie,Male,,,
2179,Glenn Daily,Male,,,
2201,Andrew Caplin,Male,,,
2245,Timothy Besley,Male,,,
2284,David Colander,Male,,,
2286,Peter Howitt,Male,,,
2290,Alan Kirman,Male,,,
2291,Axel Leijonhufvud,Male,,,
2304,Giacomo Rondina,Male,,,
2305,Blake Lebaron,Male,,,
2331,Bilge Yilmaz,Male,,,
2333,Ailsa Roell,Female,,,
2337,Francisco J. Gomes,Male,,,
2377,Harald Hau,Male,,,
2378,H?lène Rey,Female,,,
2407,Edward Vytlacil,Male,,,
2414,Claudia Goldin,Female,,,
2459,David Card,Male,,,
2472,Donald G. Freeman,Male,,,
2518,Andres Rodriguez-Clare,Male,,,
2525,Daniel Y. Xu,Male,,,
2532,Franco Peracchi,Male,,,
2554,Abhijit Banerjee,Male,,,
2569,Adriana Camacho,Female,,,
2583,David S. Jacks,Male,,,
2584,Christopher A. Meissner,Male,,,
2585,Dennis Novy,Male,,,
2586,Dennis P. Quinn,Male,,,
2611,James Sefton,Male,,,
2617,Martin Weale,Male,,,
2622,Frederic Docquier,Male,,,
2628,Amparo Castello-Climent,Female,,,
2633,Ellen E. Meade,Female,,,
2634,David Stasavage,Male,,,
2635,Camille Cornand,Female,,,
2656,Euan Phimister,Male,,,
2657,Andros Kourtellos,Male,,,
2661,Chiara Pronzato,Female,,,
2662,Elisa Faraglia,Female,,,
2671,Andrew Scott,Male,,,
2676,Hans-Theo Normann,Male,,,
2681,Ander Perez,Male,,,
2685,Andre Meier,Male,,,
2691,Alison L. Booth,Female,,,
2705,Emla Fitzsimons,Female,,,
2708,Alissa Goodman,Female,,,
2713,Gillian Paull,Female,,,
2729,Jessica Holmes,Female,,,
2753,Arthur Schram,Male,,,
2771,Douglas Rivers,Male,,,
2778,Mark E. Schweitzer,Male,,,
2781,Holger Bonin,Male,,,
2794,Anthony A. Braga,Male,,,
2798,Andrew Leigh,Male,,,
2814,Mark M. Spiegel,Male,,,
2822,Hans Peter Gruener,Male,,,
2825,Chryssi Giannitsarou,Female,,,
2827,Fabrice Collard,Male,,,
2831,Harris Dellas,Male,,,
2840,Helene Turon,Female,,,
2875,Christina M. Fong,Female,,,
2887,Eric De Bodt,Male,,,
2929,Bjorn Brugemann,Male,,,
2941,Giulia Faggio,Female,,,
2943,Stephen Nickell,Male,,,
2954,Giovanna Vallanti,Female,,,
2956,Andrew J. Yates,Male,,,
2962,James Heckman,Male,,,
2970,Michael Keane,Male,,,
2974,Ahmed Khwaja,Male,,,
2982,Francis Bloch,Male,,,
2992,Flore Gubert,Female,,,
3008,Antoni Calvo-Armengol,Male,,,
3016,Douglas M. Gale,Male,,,
3022,Jeffrey A. Smith,Male,,,
3074,Paul William Glimcher,Male,,,
3123,Mark Mitchell,Male,,,
3128,Enrichetta Ravina,Female,,,
3135,Martin Uribe,Male,,,
3160,Francois R. Velde,Male,,,
3161,Farley Grubb,Male,,,
3166,Filippo Occhino,Male,,,
3169,Eugene N. White,Male,,,
3176,Andrea Mattozzi,Male,,,
3182,Arvind Subramanian,Male,,,
3185,Martin Eichenbaum,Male,,,
3210,Eric Van Wincoop,Male,,,
3223,Deborah Reed,Female,,,
3225,Abera Gelan,Male,,,
3235,Hope Corman,Female,,,
3253,Michael Hilmer,Male,,,
3272,Frank R. Lichtenberg,Male,,,
3285,David Mcadams,Male,,,
3306,Botond Koszegi,Male,,,
3339,Steven Levitt,Male,,,
3341,Alejandro Cunat,Male,,,
3350,Patrick W. Schmitz,Male,,,
3355,Fabio Canova,Male,,,
3358,Evi Pappa,Female,,,
3363,Fredric Jacobsson,Male,,,
3365,Dan Anderberg,Male,,,
3367,Fredrik Andersson,Male,,,
3405,Bertil Holmlund,Male,,,
3418,David Campbell,Male,,,
3419,Alan Carruth,Male,,,
3420,Andrew Dickerson,Male,,,
3421,Francis Green,Male,,,
3427,Helen Simpson,Female,,,
3431,Bernt Bratsberg,Male,,,
3445,Eva Osterbacka,Female,,,
3451,Gareth Macartney,Male,,,
3471,Joseph Ferrie,Male,,,
3480,Christian Ahlin,Male,,,
3483,Alessandra Cassar,Female,,,
3487,Asli Demirguec-Kunt,Female,,,
3491,Charalambos D. Aliprantis,Male,,,
3494,Herwig Immervoll,Male,,,
3534,Galina Hale,Female,,,
3537,Carlos A. Vegh,Male,,,
3550,Everett E. Hagen,Male,,,
3593,Earl Robert Rolph,Male,,,
3595,Gardner Ackley,Male,,,
3642,Frank T. Bachmura,Male,,,
3682,Harry T Oshima,Male,,,
3769,Henry A. Latané,Male,,,
3771,Boris C. Swerling,Male,,,
3773,Branko Horvat,Male,,,
3797,David Schwartzman,Male,,,
3800,Alpha Chung-i Chiang,Male,,,
3818,Harold Wolozin,Male,,,
3853,Benson Soffer,Male,,,
3888,Dudley G. Luckett,Male,,,
4014,Frederik Ludvig Bang Zeuthen,Male,,,
4016,Eugene Rotwein,Male,,,
4044,George Horwich,Male,,,
4072,Hans Jurgen Jaksch,Male,,,
4096,Horst Mendershausen,Male,,,
4175,David Gawen Champernowne,Male,,,
4185,Hans H. Liesner,Male,,,
4186,Alexander Carr-Saunders,Male,,,
4290,Charles Edward Lindblom,Male,,,
4313,David A Alhadeff,Male,,,
4324,Albert O Hirschman,Male,,,
4332,Gerald Sirkin,Male,,,
4359,Frank Hindman Golay,Male,,,
4360,Garry Pursell,Male,,,
4377,Gustav Ranis,Male,,,
4447,Hector Menteith Robertson,Male,,,
4449,Edward Hastings Chamberlin,Male,,,
4453,Ernest F. Penrose,Male,,,
4472,Evsey Domar,Male,,,
4528,Catia Montagna,Female,,,
4536,Daniel L. Millimet,Male,,,
4549,David Blake,Male,,,
4570,Allen Goodman,Male,,,
4599,Harry Papapanagos,Male,,,
4645,Annika Herr,Female,,,
4659,Gerard Caprio,Male,,,
4660,Hali J Edison,Female,,,
4770,David Vines,Male,,,
4865,Eswar Prasad,Male,,,
4874,Carol Osler,Female,,,
4920,Christopher Worswick,Male,,,
5009,C. Monica Capra,Female,,,
5045,Gerard J. van den Berg,Male,,,
5070,Edward J. Welniak,Male,,,
5408,Alberto Valdes,Male,,,
5418,Alan de Brauw,Male,,,
5497,Gary Dymski,Male,,,
5508,Hans Wolfgang Brachinger,Male,,,
5516,Donna Ginther,Female,,,
5519,Gary Clyde Hufbauer,Male,,,
5568,David de Meza,Male,,,
5638,Dan Lovallo,Male,,,
5642,Allan Wurtz,Male,,,
5736,Geoffrey Martin Hodgson,Male,,,
5779,Elias Tzavalis,Male,,,
5796,Eckhard Janeba,Male,,,
5804,Elizabeth Brainerd,Female,,,
5813,G?rard Roland,Male,,,
5835,David Director Friedman,Male,,,
5845,Geoffrey B. Sprinkle,Male,,,
5859,David Hemenway,Male,,,
5895,F. Trenery Dolbear,Male,,,
6030,Frederick J Hebein,Male,,,
6112,Hans Binswanger-Mkhize,Male,,,
6226,Ake Blomqvist,Male,,,
6257,David Morawetz,Male,,,
6313,Charles E Maclure,Male,,,
6330,Claude Montmarquette,Male,,,
6334,David Denslow,Male,,,
6348,Elliott Sclar,Male,,,
6781,Daniel Fusfeld,Male,,,
6846,Clement G. Krouse,Male,,,
6872,François Casas,Male,,,
6984,C Moriguchi,Female,,,
7007,David L. Sjoquist,Male,,,
7035,Charles E. Metcalf,Male,,,
7067,David I. Meiselman,Male,,,
7148,Benoit B. Mandelbrot,Male,,,
7160,Hans Herzberger,Mae,,,
7177,Heinz Arndt,Male,,,
7179,David Greenaway,Male,,,
7215,Chris Birchenhall,Male,,,
7226,Elisabet Rutstrom,Female,,,
7241,Carl Bonham,Male,,,
7314,Alan Sutherland,Male,,,
7332,Andrew Snell,Male,,,
7366,Daniel A. Nuxoll,Male,,,
7395,Gaurav Datt,Male,,,
7410,Bernard Salani?,Male,,,
7411,Charles Goodhart,Male,,,
7418,George Selgin,Male,,,
7481,Eric Pentecost,Male,,,
7585,Alexander Cairncross,Male,,,
7656,Charles L. Betsey,Male,,,
7684,Amihai Glazer,Male,,,
7733,Abhijit Vinayak Banerjee,Male,,,
7758,Harsha Aturupane,Male,,,
7771,David E Sahn,Male,,,
7773,Giovanni Andrea Cornia,Male,,,
7865,Alistair Milne,Male,,,
7886,Alessandro Missale,Male,,,
7926,Andrew Henley,Male,,,
8011,Darrell Hueth,Male,,,
8176,Henry W. Riecken,Male,,,
8177,Charles L Schultze,Male,,,
8216,David F Seiders,Male,,,
8439,Donald R. Sherk,Male,,,
8446,Benjamin Wolkowitz,Male,,,
8489,Eprime Eshag,Male,,,
8499,Hk Radice,Male,,,
8500,George Dalton,Male,,,
8508,Brian Loasby,Male,,,
8513,Frank Falero,Male,,,
8542,Edmar Lisboa Bacha,Male,,,
8602,Derek Byerlee,Male,,,
8649,Eliot Roy Weintraub,Male,,,
8719,Peter Mieszkowski,Male,,,
8721,Charles W. Bischoff,Male,,,
8742,Ewald Theophilus Grether,Male,,,
8807,Harry Samuel Magdoff,Male,,,
8808,Belton Fleisher,Male,,,
8831,David Mckenzie,Male,,,
8853,Herve Le Bihan,Male,,,
8857,Andries De Grip,Male,,,
8864,Fabrizio Mazzonna,Male,,,
8874,Alice Mesnard,Female,,,
8875,Daniel J. Henderson,Male,,,
8877,Christopher F. Parmeter,Male,,,
8892,John L. Turner,Male,,,
8924,Colin Ellis,Male,,,
8927,Giuseppe Fiori,Male,,,
8928,Giuseppe Nicoletti,Male,,,
8937,Christina Gathmann,Female,,,
8946,James Mitchell,Male,,,
8955,Francois Langot,Male,,,
8962,Beatrix Eugster,Male,,,
8991,Guglielmo Barone,Male,,,
8992,Federico Cingano,Male,,,
9013,Edward F. Buffie,Male,,,
9020,Andrew Healy,Male,,,
9032,Martin Browning,Male,,,
9046,Simon Jones,Male,,,
9047,Alistair Mcguire,Male,,,
9048,Elizabeth Frankenberg,Female,,,
9076,Howard Chong,Male,,,
9078,Anyck Dauphin,Female,,,
9079,Abdel-Rahmen El Lahga,Male,,,
9083,Peter Diamond,Male,,,
9087,Andreas Haufler,Male,,,
9088,Ferdinand Mittermaier,Male,,,
9100,Allan Gregory,Male,,,
9122,Antonios Antoniou,male,,,
9151,Deborah A. Cobb-Clark,Female,,,
9160,Bruce Martin Russett,Male,,,
9225,Graziella Bertocchi,Female,,,
9269,David Garman,Male,,,
9295,Gregory J. Werden,Male,,,
9300,Alexander Belinfante,Male,,,
9453,David Cameron Harbord,Male,,,
9479,Avanidhar Subrahmanyam,Male,,,
9485,İzak Atiyas,Male,,,
9494,Gerhardus Petrus Christiaan de Kock,Male,,,
9572,Anders Vredi,Male,,,
9591,Giovanni Boero,Male,,,
9602,Apostolis Philippopoulos,Male,,,
9632,Andr? Sapir,Male,,,
9643,Alfred Nicols,Male,,,
9648,Andrew B. Whinston,Male,,,
9649,David I. Fand,Male,,,
9652,Harold T. Shapiro,Male,,,
9667,Alexander Erlich,Male,,,
9722,Ahmad Al-Samarrie,Male,,,
9723,Herman P. Miller,Male,,,
9731,Ben B. Seligman,Male,,,
9737,Alan Carlin,Male,,,
9772,Albert E. Rees,Male,,,
9787,Edward J. Nell,Male,,,
9797,ndrew Shonfield,Male,,,
9803,Gottfried von Haberler,Male,,,
9813,Alexandre Kafka,Male,,,
9823,"Athanasios ""Tom"" Asimakopulos",Male,,,
9841,Ali Mohammad Khusro,Male,,,
9907,Daniel Little McFadden,Male,,,
9917,Carl Christian von Weizsäcker,Male,,,
9952,Edward Fulton Denison,Male,,,
9979,A. James Meigs,Male,,,
9986,Douglas H. Eldridge,Male,,,
10007,Alice M. Rivlin,Female,,,
10063,Howard Kunreuther,Male,,,
10070,Em Drandakis,Male,,,
10076,Alexander Nove,Male,,,
10091,Abdul Qayum,Male,,,
10105,Donald Norman Winch,Male,,,
10112,Arthur Nevins,Male,,,
10118,Arthur Maass,Male,,,
10121,Edward L. Whalen,Male,,,
10132,Case M Sprenkle,Male,,,
10154,David Levharl,Male,,,
10210,Francisco Gil Díaz,Male,,,
10211,Agustin Carstens,Male,,,
10247,Eduardo Borensztein,Male,,,
10250,Carlos Vegh,Male,,,
10289,Germano Mwabu,Male,,,
10306,C. Eugene Steuerle,Male,,,
10375,Ernst Stromsdorfer,Male,,,
10404,Charles Yuji Horioka,Male,,,
10413,Farida Kulasi,Male,,,
10414,David N.F. Bell,Male,,,
10418,George Kaufman,Male,,,
10436,Doug Hyatt,Male,,,
10464,Gerry Makepeace,Male,,,
10470,Bernard Yin Yeung,Male,,,
10471,Fabrizia Mealli,Female,,,
10499,David Sapsford,Male,,,
10555,Fabio Zagonari,Male,,,
10568,Chris Milner,Male,,,
10613,Carol C Bertaut,Female,,,
10627,Helmuth Cremer,Male,,,
10634,Aubrey Silberston,Male,,,
10646,"Abhay Abhyankar

",Male,,,
10681,Charles Mulvey,Male,,,
10735,Cheryl Neslusan,Female,,,
10742,Augustin Fosu,Male,,,
10758,Arjo Klamer,Male,,,
10860,Helen Tauchen,Female,,,
10899,Earl Grinols,Male,,,
10900,Eliakim katz,Male,,,
10908,Erik Thorbecke,Male,,,
10937,Christine Greenhalgh,Female,,,
10963,David Demery,Male,,,
10966,Shoshana Grossbard,Female,,,
11089,Claudio R Frischtak,Male,,,
11102,Francisco L. Rivera-Batiz,Male,,,
11110,Dinand Webbink,Male,,,
11111,Filippo Cesarano,Male,,,
11115,Erkki Koskela,Male,,,
11134,Bernard Elbaum,Male,,,
11182,Alice Hoffenberg Amsden,Female,,,
11191,Gerald Helleiner,Male,,,
11222,David Molina,Male,,,
11223,Daniel J. Slottje,Male,,,
11244,Brian Wright,Male,,,
11339,Gordon Anderson,Male,,,
11348,Hassan Molana,Male,,,
11359,Herbert Giersch,Male,,,
11361,Frank Wolter,Male,,,
11398,Gerry Kennally,Male,,,
11432,Cento Veljanovski,Male,,,
11454,Dick K. Nanto,Male,,,
11471,Alexandre Lamfalussy,Male,,,
11486,Harry E. Frech,Male,,,
11545,Gary Fethke,Male,,,
11619,Gertrud M. Fremling,Female,,,
11622,Herv? Moulin,Male,,,
11630,Marco Marini,Male,,,
11661,Charles W. Smithson,Male,,,
11667,Gordon Gemmill,Male,,,
11669,Bernard Daniel Rostker,Male,,,
11672,David Hensher,Male,,,
11681,Felix R FitzRoy,Male,,,
11739,David Teece,Male,,,
11749,Douglas James Holtz-Eakin,Male,,,
11761,Edward Morey,Male,,,
11779,George B Fallis,Male,,,
11798,Carol Fethke,Female,,,
11819,Fred Mannering,Male,,,
11827,Am Spence,Male,,,
11886,France St-Hilaire,Female,,,
11887,Frank Hoover Easterbrook,Male,,,
11908,Charles J O'Connor,Male,,,
11942,Alan Budd,Male,,,
11957,Brent Sohngen,Male,,,
11964,Ayse Imrohoroglu,Female,,,
12017,Elisabetta Iossa,Female,,,
12112,Daniel Altman,Male,,,
12132,Annika E Sunden,Female,,,
12133,Brian J Surette,Male,,,
12148,Dennis H. Sullivan,Male,,,
12149,Diane J. Macunovich,Female,,,
12150,Dennis A. Ahlburg,Male,,,
12162,Andrew Bershadker,Male,,,
12163,David M Benson,Male,,,
12169,Gerald D. Jaynes,Male,,,
12183,Gary R Saxonhouse,Male,,,
12189,Fang Cai,Female,,,
12213,Hashem Dezhbakhsh,Male,,,
12219,Atila Abdulkadiroglu,Male,,,
12229,Gylfi Zoega,Male,,,
12252,Alessandra Casarico,Female,,,
12254,Andrew G. Haldane,Male,,,
12267,Antonio Muscatelli,Male,,,
12300,Evangelia Desli,Female,,,
12360,Antoni Bosch-Domènech,Male,,,
12368,Christine Oughton,Female,,,
12369,Ali M. El-Agraa,Male,,,
12370,Giovanni Dosi,Male,,,
12380,Christoph Basten,Male,,,
12387,Alexei Parakhonyak,Male,,,
12394,Claire Crawford,Female,,,
12415,David Latto,Male,,,
12416,Brian Bell,Male,,,
12422,Ganna Pogrebna,Female,,,
12426,George L. Wehby,Male,,,
12444,Alasdair Brown,Male,,,
12445,Ana Fernandes,Female,,,
12446,Clemens Hetschko,Male,,,
12447,Andreas Knabe,Male,,,
12466,Daniel Rubenson,Male,,,
12476,Thomas Palfrey,Male,,,
12480,Bernhard Kittel,Male,,,
12483,Rebecca Morton,Female,,,
12486,Ernesto Reuben,Male,,,
12492,Alex Bryson,Male,,,
12497,Brian G. M. Main,Male,,,
12498,Charles A. O'Reilly,Male,,,
12499,Matthew Lang,Male,,,
12508,Duha T. Altindag,Male,,,
12510,Amadou Boly,Male,,,
12511,David Alary,Male,,,
12517,Giovanni Pica,Male,,,
12524,Anton Nakov,Male,,,
12526,Galo Nuno,Male,,,
12528,Anna Toldra-Simats,Female,,,
12542,Florian Szuecs,Male,,,
12543,Emanuele Giovannetti,Male,,,
12556,David Ulph,Male,,,
12571,Fiorella De Fiore,Female,,,
12572,David A. Love,Male,,,
12574,Christian A. Stoltenberg,Male,,,
12580,Alexander M. Danzer,Male,,,
12581,Felix Weinhardt,Male,,,
12596,Asako Ohinata,Female,,,
12597,Daniel Sgroi,Male,,,
12605,Charlotte Geay,Female,,,
12612,Aaron Sojourner,Male,,,
12618,Brice Corgnet,Male,,,
12624,Almudena Sevilla,Female,,,
12650,Ana Reynoso,Female,,,
12677,Harriet Griesinger,Female,,,
12683,Frank Sammartino,Male,,,
12766,Hassan Tehranian,Male,,,
12849,Andrea Beller,Female,,,
12865,Barry Bluestone,Male,,,
12867,Harry N. Scheiber,Male,,,
12868,Andrew Felton Brimmer,Male,,,
12876,Andrew John Glyn,Male,,,
12886,Elaine McCrate,Female,,,
12930,Ehud I. Ronn,Male,,,
12985,George E. Lent,Male,,,
12995,Benjamin Ulysses Ratchford,Male,,,
12996,Donald S. Tucker,Male,,,
13016,Charles Edward Galbreath,Male,,,
13019,Charles Frederick Roos,Male,,,
13025,H. Walter Hargreaves,Male,,,
13029,Grace T. Gunn,Female,,,
13053,Herbert R. Northrup,Male,,,
13078,Frank Whitson Fetter,Male,,,
13090,Edward L. Dodd,Male,,,
13112,Richard V. Gilbert,Male,,,
13138,Franklin D. Roosevelt,Male,,,
13167,Hans Staehle,Male,,,
13172,Henry Clay,Male,,,
13187,Emily Clark Brown,Female,,,
13211,David Mccord Wright,Male,,,
13222,Donald W. Gilbert,Male,,,
13224,John Clarke Adams,Male,,,
13225,Donald B. Marsh,Male,,,
13233,Richard M. Alt,Male,,,
13235,Franz Leopold Alt,Male,,,
13249,Hans Singer,Male,,,
13275,Henry C. Simons,Male,,,
13284,David W. Lusher,Male,,,
13285,Erich Schiff,Male,,,
13295,Charles O. Hardy,Male,,,
13299,Hans P. Neisser,Male,,,
13302,Elmer D. Fagan,Male,,,
13304,Eugene E. Oakes,Male,,,
13307,Albert Gailord Hart,Male,,,
13313,Eleanor Dulles,Female,,,
13314,Charles Cortez Abbott,Male,,,
13318,Howard S. Ellis,Male,,,
13328,John H. Williams,Male,,,
13336,Dale Yoder,Male,,,
13351,Frederick L. Bird,Male,,,
13352,Ernest M. Fisher,Male,,,
13353,George Terborgh,Male,,,
13354,Henry H. Villard,Male,,,
13355,Joseph S. Davis,Male,,,
13366,Carter Goodrich,Male,,,
13367,Corwin D. Edwards,Male,,,
13375,Edwin E. Witte,Male,,,
13392,Alfred C. Neal,Male,,,
13397,Alan Sweezy,Male,,,
13404,Charles A. Myers,Male,,,
13418,Earl T. Hamilton,Male,,,
13440,Holbrook Working,Male,,,
13445,Hilda Geiringer,Female,,,
13453,Eugene Grebenik,Male,,,
13456,Adolf Kozlik,Male,,,
13462,Friedrich August von Hayek,Male,,,
13479,Carl Kreider,Male,,,
13484,Gladys C. Blakey,Female,,,
13486,George Alexander Duncan,Male,,,
13487,Alexander Baykov,Male,,,
13488,Arthur Cecil Pigou,Male,,,
13506,Bellikoth Raghunath Shenoy,Male,,,
13507,George Findlay Shirras,Male,,,
13513,Alfred G. Pundt,Male,,,
13515,Daniel Carson,Male,,,
13516,Filmer Stuart Cuckow Northrop,Male,,,
13533,Charles E. Lindblom,Male,,,
13537,Daniel Marx,Male,,,
13549,Charles Reinold Noyes,Male,,,
13552,Frank D. Graham,Male,,,
13556,Harold Kelso,Male,,,
13558,Herbert M. Bratter,Male,,,
13564,Gertrud Lovasy,Female,,,
13569,Charles C. Abbott,Male,,,
13571,Eugene M. Zuckert,Male,,,
13578,Benjamin Higgns,Male,,,
13595,Fred Rogers Fairchild,Male,,,
13596,Dudley F. Pergum,Male,,,
13653,David Wright,Male,,,
13658,Frederick Strauss,Male,,,
13659,Gordon F. Bloom,Male,,,
13662,Gladys L. Palmer,Female,,,
13663,Harold M. Somers,Male,,,
13669,George O. May,Male,,,
13675,Charles Madge,Male,,,
13677,Guastav Stolper,Male,,,
13678,Ernest M. Doblin,Male,,,
13681,Charles Ryle Fay,Male,,,
13685,Edward F. Denison,Male,,,
13689,Frederick C. Mills,Male,,,
13697,George Leland Bach,Male,,,
13700,Domenico Gagliardo,Male,,,
13701,Arthur E. Burns,Male,,,
13704,Dickson H. Leavens,Male,,,
13712,Edwin Griswold Nourse,Male,,,
13713,Henry M. Oliver,Male,,,
13724,Frank L. Kidner,Male,,,
13732,Elliott B. Woolley,Male,,,
13768,Grenville Holden,Male,,,
13787,Allan G. Gruchy,Male,,,
13788,Frederick H. Harbison,Male,,,
13793,George W. Kuehn,Male,,,
13795,Friedrich August Lutz,Male,,,
13798,Grace Beckett,Female,,,
13800,David Mcc. Wright,Male,,,
13804,William Miller,Male,,,
13808,David Weintraub,Male,,,
13809,Harry Magdoff,Male,,,
13812,Harry G. Guthmann,Male,,,
13817,Horace G. White,Male,,,
13818,Henry J. Bittermann,Male,,,
13822,Alfred E. Kahn,Male,,,
13838,Henry S. Miller,Male,,,
13839,Benjamin Caplan,Male,,,
13842,Harvey Pinney,Male,,,
13848,Eugene Oakes,Male,,,
13879,Harry Gunnison Brown,Male,,,
13882,Herbert Ashton,Male,,,
13886,Broadus Mitchell,Male,,,
13890,Edward C. Simmons,Male,,,
13897,Robert Sidney Smith,Male,,,
13927,Homer Jones,Male,,,
13929,Estal E. Sparlin,Male,,,
13933,Harold L. Reed,Male,,,
13936,Benjamin Haggott Beckhart,Male,,,
13941,Eveline M. Burns,Female,,,
13944,Frank Pierson,Male,,,
13945,Carl T. Schmidt,Male,,,
13946,Harry D. Gideonse,Male,,,
13950,Charles S. Morgan,Male,,,
13954,Donald Wallace,Male,,,
13955,Benjamin M. Anderson,Male,,,
13956,Calvin B. Hoover,Male,,,
13964,Earl J. Hamilton,Male,,,
13974,Herbert Heaton,Male,,,
13975,Frederick Pollock,Male,,,
13976,Frank G. Dickinson,Male,,,
13977,Bruce Knight,Male,,,
13978,Aaron Director,Male,,,
13984,Herbert Tout,Male,,,
13994,Frank Traver De Vyver,Male,,,
13997,Howard Glennerster,Male,,,
14001,Flavio Delbono,Male,,,
14013,David G. Barr,Male,,,
14021,Dieter Bös,Male,,,
14023,Gloria Helfand,Female,,,
14030,G?rard Gaudet,Male,,,
14037,Griffin Edwards,Male,,,
14038,David Vanzetti,Male,,,
14096,Catherine L. Mann,Female,,,
14139,George W. Ainslie,Male,,,
14148,Geoff Meeks,Male,,,
14172,Bryan Dowd,Male,,,
14208,Adrian Ziderman,Male,,,
14253,Daniel Gros,Male,,,
14287,Carl Kaysen,Male,,,
14320,Friedrich A. Lutz,Male,,,
14337,Evan Frank Mottram Durbin,Male,,,
14346,George Jaszi,Male,,,
14360,George Buchan Robinson,Male,,,
14364,Donald M. Fort,Male,,,
14377,Clay J. Anderson,Male,,,
14381,Victor E. Smith,Male,,,
14384,Haskell Philip Wald,Male,,,
14390,Edwin B. Wilson,Male,,,
14402,Henry B. Mann,Male,,,
14403,Frank Albert Fetter,Male,,,
14405,Gottfried Haberler,Male,,,
14413,Harry Henig,Male,,,
14424,George Cyril Allen,Male,,,
14437,Arthur K. Davis,Male,,,
14438,Clark Warburton,Male,,,
14450,Arthur R. Upgren,Male,,,
14452,Harold F. Williamson,Male,,,
14457,Donald H. Wallace,Male,,,
14460,Clair Wilcox,Male,,,
14483,James Washington Bell,Male,,,
14486,Giorgio Tagliacozzo,Male,,,
14487,Charles D. Hyson,Male,,,
14489,Fred H. Sanderson,Male,,,
14490,Erwin Esser Nemmers,Male,,,
14508,Bruce D. Mudgett,Male,,,
14526,Frank M. Tamagna,Male,,,
14528,Abba P. Lerner,Male,,,
14536,Beatrice G. Reubens,Male,,,
14549,Helen Makower,Female,,,
14552,Edward D. Allen,Male,,,
14556,Carl Shoup,Male,,,
14559,Evsey D. Domar,Male,,,
14574,Harry Norris,Male,,,
14585,Henry C. Wallich,Male,,,
14590,Eugene L. Gomberg,Male,,,
14593,Everett Einar Hagen,Male,,,
14600,Heinz Paechter,Male,,,
14602,David Atkins,Male,,,
14603,Edward Ronald Walker,Male,,,
14606,Charles R. Whittlesey,Male,,,
14613,Harold M. Groves,Male,,,
14626,George Garvy,Male,,,
14628,Eric A. Johnston,Male,,,
14629,Harry Pelle Hartkemeier,Male,,,
14636,Harry Weiss,Male,,,
14637,George F. Rohrlich,Male,,,
14638,Charles W. Cobb,Male,,,
14641,Gerald Shove,Male,,,
14644,Arthur Salz,Male,,,
14646,Herbert Von Beckerath,Male,,,
14647,Francis Graham Wilson,Male,,,
14657,Carroll R. Daugherty,Male,,,
14659,George W. Taylor,Male,,,
14676,Bruce R. Morris,Male,,,
14681,Gerda Blau,Female,,,
14682,Arnold Daniel,Male,,,
14690,Ernst W. Swanson,Male,,,
14694,E. Jay Howenstine,Male,,,
14700,Howard R. Bowen,Male,,,
14710,Arthur A. Bright,Male,,,
14714,Arthur Schweitzer,Male,,,
14718,Herbert Spero,Male,,,
14720,John Perry Miller,Male,,,
14724,Roland Buford Brandis,Male,,,
14725,Albert O. Hirschman,Male,,,
14731,Herbert B. Woolley,Male,,,
14733,Henry Berthold Mann,Male,,,
14734,Charles C. Killingsworth,Male,,,
14736,Dexter Morriam Keezer,Male,,,
14737,Henry Christopher Wallich,Male,,,
14739,Edward G. Bennion,Male,,,
14746,Arthur L. Bekenstein,Male,,,
14761,Eric Englund,Male,,,
14762,Charles F. Roos,Male,,,
14771,Charles Ward Macy,Male,,,
14772,Alfred Bornemann,Male,,,
14776,Edwin G. Nourse,Male,,,
14780,Clifford J. Durr,Male,,,
14781,Clarence W. Efroymson,Male,,,
14782,Glenn E. Mclaughlin,Male,,,
14784,David A. Mccabe,Male,,,
14785,Charles D. Stewart,Male,,,
14793,Eugene Staley,Male,,,
14797,Gordon P. Boals,Male,,,
14803,Ernest Olson,Male,,,
14804,Benjamin Graham,Male,,,
14809,David R. Roberts,Male,,,
14812,Harold Hotelling,Male,,,
14818,Erwin Rothbarth,Male,,,
14825,Arthur W. Marget,Male,,,
14828,Abram L. Harris,Male,,,
14832,Calvin Crumbaker,Male,,,
14833,Clarence D. Long,Male,,,
14850,Harvey E . Brazer,Male,,,
14869,Alan B. Batchelder,Male,,,
14919,Albert Fishlow,Male,,,
14931,Geoff Whittington,Male,,,
14934,Claude William Guillebaud,Male,,,
14956,Bernard Semmel,Male,,,
14981,Fs Obrien,Fs Obrien,,,
15088,Isaac Kerstenetzky,Male,,,
15091,AE Safarian,Male,,,
15099,Alice E. Bourneuf,Female,,,
15118,Dennis Swann,Male,,,
15120,Douglas MacLachlan,Male,,,
15132,As Bhalla,Male,,,
15141,Grant Reuber,Male,,,
15144,E . William Dinkelacker,Male,,,
15149,Christian Lininger,Male,,,
15152,George Herbert Borts,Male,,,
15208,Anthony M. Santomero,Male,,,
15235,Benjamin J Allen,Male,,,
15305,Allen Sinai,Male,,,
15327,Bruce Seaman,Male,,,
15347,Howard Beales,Male,,,
15381,Enrique R Arzac,Male,,,
15424,F Green,F Green,,,
15446,Isabelle Dewez,Female,,,
15457,Gilbert Bassett,Male,,,
15458,Elie Appelbaum,Male,,,
15483,Ira Katznelson,Male,,,
15489,Donald J. Mullineaux,Male,,,
15514,Daniel Treisman,Male,,,
15523,Daehyun Kim,Male,,,
15531,David M. Reeb,Male,,,
15542,Frina Lin,Female,,,
15544,Benjamin Scuderi,Male,,,
15545,David Autor,Male,,,
15557,Erik O. Sorensen,Male,,,
15571,Anthony Heyes,Male,,,
15573,Christiana Stoddard,Female,,,
15574,Carly Urban,Female,,,
15577,Catherine Buffington,Female,,,
15578,Benjamin Cerf,Male,,,
15579,Christina Jones,Female,,,
15583,Daifeng He,Female,,,
15588,Fernando Lozano,Male,,,
15592,Bradley Hardy,Male,,,
15593,Daniel Muhammad,Male,,,
15596,Aaron Swoboda,Male,,,
15613,Joshua Angrist,Male,,,
15620,Christopher Walters,Male,,,
15630,Anuj K. Shah,Male,,,
15637,Frank Schilbach,Male,,,
15639,Heather Schofield,Female,,,
15641,Jeffrey D. Sachs,Male,,,
15646,Bity Diene,Female,,,
15647,Alberto Davila,Male,,,
15650,Dong Beom Choi,Male,,,
15689,Ellis W. Tallman,Male,,,
15692,David C. Wheelock,Male,,,
15699,Lawrence Christiano,Male,,,
15701,Daisuke Ikeda,Male,,,
15702,Olivier Blanchard,Male,,,
15736,David Anthoff,Male,,,
15737,Francisco Estrada,Male,,,
15743,Benjamin Stocker,Male,,,
15745,Benjamin Dawson,Male,,,
15747,Gunnar P. Knapp,Male,,,
15749,Alexander Popov,Male,,,
15761,Alice Henriques,Female,,,
15769,Robert Gordon,Male,,,
15777,Dick Van Dijk,Male,,,
15782,Ana Nuevo-Chiquero,Female,,,
15791,Boris Kaiser,Male,,,
15801,Andrew Hillis,Male,,,
15840,Daniela Scur,Female,,,
15842,Dietmar Harhoff,Male,,,
15846,John Haltiwanger,Male,,,
15859,Fatih Karahan,Male,,,
15862,Benjamin Pugsley,Male,,,
15864,Aysegul Sahin,Female,,,
15872,Douglas Oxley,Male,,,
15873,Cristina Borra,Female,,,
15912,Christoffer Koch,Male,,,
15918,Patrick Kehoe,Male,,,
15921,Elena Pastorino,Female,,,
15932,Andrea Prestipino,Male,,,
15935,Christoph Trebesch,Male,,,
15937,Delavane Diaz,Female,,,
15945,Anthony Murphy,Male,,,
15947,Arthur Acolin,Male,,,
15950,Davide Malacrino,Male,,,
15963,Emilia Del Bono,Female,,,
15965,Birgitta Rabe,Female,,,
15972,Ana Rute Cardoso,Female,,,
15987,Erik Lindqvist,Male,,,
15991,Bjorn Wallace,Male,,,
16050,Arthur Robson,Male,,,
16053,Dolors Berga Colom,Female,,,
16054,Bernardo Moreno,Male,,,
16055,Joshua K. Hausman,Male,,,
16062,Henry S. Schneider,Male,,,
16087,Frederic Boissay,Male,,,
16090,Jonathan W. Williams,Male,,,
16091,Camilo Garcia-Jimeno,Male,,,
16098,Peter Kondor,Male,,,
16104,Ejaz Ghani,Male,,,
16105,Arti Grover Goswami,Female,,,
16109,Pierre Collin-Dufresne,Male,,,
16131,Esteban M. Aucejo,Male,,,
16135,Stephen D. O'Connell,Male,,,
16138,James Tybout,Male,,,
16170,Denis Chetverikov,Male,,,
16174,Bradley Larsen,Male,,,
16175,Christopher Palmer,Male,,,
16180,Andreas Lendle,Male,,,
16194,Federico Boffa,Male,,,
16195,Amedeo Piolatto,Male,,,
16198,Alexander Gelber,Male,,,
16199,Adam Isen,Male,,,
16208,Matthew Canzoneri,Male,,,
16211,Gabriel Katz,Male,,,
16226,Francis De Vericourt,Male,,,
16243,Aaditya Mattoo,Male,,,
16248,Christa Hainz,Female,,,
16255,Edouard Challe,Male,,,
16263,Anandi Mani,Female,,,
16271,Antoine Dechezlepretre,Male,,,
16305,Douglas Hanley,Male,,,
16307,William Kerr,Male,,,
16353,Kirabo Jackson,Male,,,
16358,Claudia Persico,Female,,,
16391,Jonathan Pritchett,Male,,,
16396,Mark Duggan,Male,,,
16399,Aparajita Goyal,Female,,,
16408,Michael Weber,Male,,,
16421,Mark Rosenzweig,Male,,,
16422,Alisdair Mckay,Male,,,
16435,Arnab K. Basu,Male,,,
16454,Georg Wamser,Male,,,
16463,Andreas Schabert,Male,,,
16466,Hannes Ullrich,Male,,,
16470,Erwin Ooghe,Male,,,
16471,Andreas Peichl,Male,,,
16473,John Pencavel,Male,,,
16487,Hannes Schwandt,Male,,,
16489,Alexandre Janiak,Male,,,
16490,Benjamin Villena-Roldan,Male,,,
16494,Bettina Siflinger,Female,,,
16529,Gabriella Conti,Female,,,
16533,Hosny Zoabi,Male,,,
16539,Helena Holmlund,Female,,,
16546,Alexander Kriwoluzky,Male,,,
16549,Ellen Greaves,Female,,,
16550,Anna Vignoles,Female,,,
16551,Deborah Wilson,Female,,,
16554,Felix Vardy,Male,,,
16556,Filipa Sa,Female,,,
16557,Alicia Adsera,Female,,,
16560,Jeremy Bulow,Male,,,
16563,Paul Klemperer,Male,,,
16571,Giovanni Prarolo,Male,,,
16574,Gianmarco Daniele,Male,,,
16575,Benny Geys,Male,,,
16578,Giovanni Mastrobuoni,Male,,,
16603,Erick Gong,Male,,,
16609,Edmund Wright,Male,,,
16610,David Aikman,Male,,,
16612,Benjamin D. Nelson,Male,,,
16620,Chao-Cheng Mai,Male,,,
16631,Gareth D. Myles,Male,,,
16654,Amit Bhaduri,Male,,,
16679,David J. Loschky,Male,,,
16707,David Swinton,Male,,,
16719,Deborah M. Figart,Female,,,
16724,Daniel Heymann,Male,,,
16767,Ailsa A Roell,Female,,,
16772,Farhad Rassekh,Male,,,
16783,George Iden,Male,,,
16784,Frank Russek,Male,,,
16787,Eskander Alvi,Male,,,
16796,Carlo Borio,Male,,,
16800,Abebe Shimeles,Male,,,
16801,Daniel Zerfu Gurara,Male,,,
16802,Firew Woldeyes,Male,,,
16804,Emma Aguila,Female,,,
16806,Francisco Perez-Arce,Male,,,
16807,Anouch Missirian,Female,,,
16815,German Caruso,Male,,,
16832,Adam Sacarny,Male,,,
16835,David Yokum,Male,,,
16841,Brenda Schafer,Female,,,
16843,Benjamin Handel,Male,,,
16844,Jonathan Kolstad,Male,,,
16881,Chandini Sankaran,Female,,,
16882,Belinda Archibong,Female,,,
16886,Jonathan M. V. Davis,Male,,,
16889,Crystal S. Yang,Male,,,
16893,Amanda Agan,Female,,,
16925,Adrien Auclert,Male,,,
16941,Francois Koulischer,Male,,,
16942,Benoit Nguyen,Male,,,
16948,Courtney A. Collins,Female,,,
16962,Amanda Bayer,Female,,,
16966,Bibhas Saha,Male,,,
16982,Eeva Mauring,Female,,,
16983,Anmol Bhandari,Male,,,
16984,David Evans,Male,,,
17000,Heather Sarsons,Female,,,
17004,Christina Patterson,Female,,,
17022,Andras Tilcsik,Male,,,
17023,Brooklynn Zhu,Female,,,
17028,Elena Simintzi,Female,,,
17036,Elaine Hill,Female,,,
17039,Barthelemy Kuate Defo,Male,,,
17065,Brent Bundick,Male,,,
17069,Andrea Lassmann,Female,,,
17071,Adam Osman,Male,,,
17110,Peter D. Hull,Male,,,
17124,Christopher R. Walters,Male,,,
17154,John K. -H. Quah,Male,,,
17156,Andrew Ellis,Male,,,
17163,Ezra Oberfield,Male,,,
17173,Bruce Sacerdote,Male,,,
17174,Alejandro Ponce,Male,,,
17180,David Y. Yang,Male,,,
17186,Arnaud Chevalier,Male,,,
17192,Bengt Holmstrom,Male,,,
17193,Guillermo Ordonez,Male,,,
17218,Bryce Millett Steinberg,Female,,,
17219,Alex Solis,Male,,,
17220,David Martinez-Miera,Male,,,
17255,Christoph T. Weiss,Male,,,
17258,James Ziliak,Male,,,
17260,Erdal Tekin,Male,,,
17261,Aydogan Ulker,Male,,,
17274,Froukje Van Gastel,Female,,,
17289,Egon Zakrajsek,Male,,,
17293,Andrea Ferrero,Male,,,
17300,Justin P. Johnson,Male,,,
17325,Hugh Gravelle,Male,,,
17327,Heiko Stueber,Male,,,
17337,Erik Madsen,Male,,,
17355,Christoph Schottmuller,Male,,,
17360,Harold A. Pollack,Male,,,
17361,Davide Debortoli,Male,,,
17422,George Mackerron,Male,,,
17461,George Tauchen,Male,,,
17479,Ali Hortacsu,Male,,,
17489,Eric Zwick,Male,,,
17495,Daniel Gottlieb,Male,,,
17509,Hilde C. Bjørnland,Female,,,
17513,Frank Drzensky,Male,,,
17520,Bas Van Der Klaauw,Male,,,
17522,Felipe Valencia Caicedo,Male,,,
17525,Erling Roed Larsen,Male,,,
17526,Dag Einar Sommervoll,Male,,,
17545,Alaka Holla,Female,,,
17546,Aakash Mohpal,Male,,,
17555,Alexandra Roulet,Female,,,
17577,Christian Lambertz,Male,,,
17579,David Mitch,Male,,,
17604,Emily Glassberg Sands,Female,,,
17606,Fernando M. Aragon,Male,,,
17614,Cristobal Ridao-Cano,Male,,,
17623,Cormac O. Grada,Male,,,
17633,Richard Holden,Male,,,
17683,Robert Porter,Male,,,
17695,Ben Mcquillin,Male,,,
17719,Jeremy Shapiro,Male,,,
17727,Christopher Flinn,Male,,,
17774,Duncan Sheppard Gilchrist,Male,,,
17779,Paul Milgrom,Male,,,
17801,Amanda Sacker,Female,,,
17807,Cesar Sosa-Padilla,Male,,,
17808,Gerard Hoberg,Male,,,
17824,Eric Danan,Male,,,
17854,Lawrence Schmidt,Male,,,
17855,Allan Timmermann,Male,,,
17860,Arya Gaduh,Male,,,
17862,Alexander D. Rothenberg,Male,,,
17868,Christian Opp,Male,,,
17880,Collin Raymond,Male,,,
17882,Florian Brandl,Male,,,
17884,Felix Brandt,Male,,,
17886,Hans Georg Seedig,Male,,,
17893,Daniel Lafave,Male,,,
17895,Timothy B. Armstrong,Male,,,
17898,Daniel Barron,Male,,,
17910,Holger Breinlich,Male,,,
17937,Jessica Calfee Stahl,Female,,,
17939,Andrea Ajello,Male,,,
17951,Gabriel Burdin,Male,,,
17959,Andrea Colciago,Male,,,
17961,David Ettinger,Male,,,
17962,Fabio Michelucci,Male,,,
17983,Antoine Loeper,Male,,,
17992,Alex Imas,Male,,,
18006,Diego Gambetta,Male,,,
18008,Francesca Pancotto,Female,,,
18009,Gregory Jolivet,Male,,,
18015,Aussi Sayinzoga,Male,,,
18029,Colin J. Hottman,Male,,,
18068,Dacheng Xiu,Male,,,
18069,Arun G. Chandrasekhar,Male,,,
18076,Enrique Ide,Male,,,
18081,Bart Los,Male,,,
18084,Gaaitzen J. De Vries,Male,,,
18091,Justin R. Pierce,Male,,,
18111,Alejandro Rivera,Male,,,
18124,Alan Fuchs,Male,,,
18129,Arthur E. Attema,Male,,,
18131,Han Bleichrodt,Male,,,
18152,Bas ter Weel,Male,,,
18164,Francesco Fasani,Male,,,
18169,Grant D. Jacobsen,Male,,,
18170,Dominic P. Parker,Male,,,
18172,Helena Skyt Nielsen,Female,,,
18183,Ben Vollaard,Male,,,
18186,Christopher Jepsen,Male,,,
18189,Kenneth Troske,Male,,,
18195,Bruno Caprettini,Male,,,
18196,Heiwai Tang,Male,,,
18198,Alain De Janvry,Male,,,
18204,Anant Nyshadham,Male,,,
18208,Camille Hemet,Female,,,
18209,David D. Laitin,Male,,,
18210,David C. Chan,Male,,,
18221,Elisa Ossola,Female,,,
18248,Adair Morse,Female,,,
18251,Andre Veiga,Male,,,
18274,Kenneth Lee,Male,,,
18276,Catherine Wolfram,Female,,,
18281,Cheryl Grim,Female,,,
18283,Gilbert Cette,Male,,,
18286,Balazs Egert,Male,,,
18305,Cesar A. Hidalgo,Male,,,
18316,Brian Moyer,Male,,,
18346,Francesco Forte,Male,,,
18394,George Katona,Male,,,
18407,Alexander Gerschenkron,Male,,,
18424,Dennis R Appleyard,Male,,,
18426,Charles Samuel Soper,Male,,,
18440,Benjamin Chinitz,Male,,,
18443,Bo Södersten,Male,,,
18446,H Hunter,H Hunter,,,
18447,David R. Kamerschen,Male,,,
18450,Campbell R McConnell,Male,,,
18466,George Staller,Male,,,
18473,Georges Plescoff,Male,,,
18474,Harold Leonard Nieburg,Male,,,
18484,Donald W. Paden,Male,,,
18487,Hubert Lévy-Lambert,Male,,,
18573,Ah Studenmund,Male,,,
18592,Bertil Näslund,Male,,,
18605,Anne A. Scitovsky,Female,,,
18611,Peter Helmberger,Male,,,
18613,H. Peter Gray,Male,,,
18621,George L. Perry,Male,,,
18631,George J. Staller,Male,,,
18633,Hans R. Stoll,Male,,,
18635,Edward H. Hunt,Male,,,
18636,Gerhard Rosegger,Male,,,
18657,Benjamin Ward,Male,,,
18663,Alan E. Fechter,Male,,,
18675,A. Allan Schmid,Male,,,
18698,Charles F. Sarle,Male,,,
18707,Evgenia Passari,Female,,,
18708,Giovanni Caggiano,Male,,,
18709,Efrem Castelnuovo,Male,,,
18712,Gabriela Nodari,Female,,,
18715,Erwan Gautier,Male,,,
18719,Anton Sobolev,Male,,,
18725,Ben D'Exelle,Male,,,
18726,Arjan Verschoor,Male,,,
18728,Casper Worm Hansen,Male,,,
18732,Andrea Brandolini,Male,,,
18733,Hugh Dalton,Male,,,
18734,Frank Plumpton Ramsey,Male,,,
18760,Daniel A. Levinthal,Male,,,
18762,Charles Courtemanche,Male,,,
18763,Garth Heutel,Male,,,
18787,Hani Mansour,Male,,,
18789,Henrique S. Basso,Male,,,
18797,Arnaud Mehl,Male,,,
18799,Frederic Robert-Nicoud,Male,,,
18801,David W. Johnston,Male,,,
18805,Bart H. H. Golsteyn,Male,,,
18807,Hans Gronqvist,Male,,,
18823,Bjorn Ockert,Male,,,
18827,Esther Hauk,Female,,,
18830,Giovanni Immordino,Male,,,
18832,Christian Bauer,Male,,,
18840,Adamos Adamou,Male,,,
18851,Cristian Huse,Male,,,
18852,Claudio Lucinda,Male,,,
18861,Daniel Mueller,Male,,,
18862,Francisco Lima,Male,,,
18864,Ana Venancio,Female,,,
18866,Franz R. Hahn,Male,,,
18868,Alzeda Comstock,Female,,,
18871,Elmer J. Brown,Male,,,
18872,Edward T. Grether,Male,,,
18876,Ben W. Lewis,Male,,,
18881,Robert A. Gordon,Male,,,
18884,Amos E. Taylor,Male,,,
18885,Amy Hewes,Female,,,
18887,James G. Smith,Male,,,
18889,Frederick A. Bradford,Male,,,
18891,Franz Goldmann,Male,,,
18894,Eugene V. Rostow,Male,,,
18896,Helen Wright,Female,,,
18901,Harry Schwartz,Male,,,
18906,Daniel B. Suits,Male,,,
18915,Andreas Georgios Papandreou,Male,,,
18926,Charles Frederick Carter,Male,,,
18952,Franklyn D. Holzman,Male,,,
18958,Dean A. Worcester,Male,,,
18962,Emile Despres,Male,,,
18970,David Gale Johnson,Male,,,
18991,Hermann Josef Abs,Male,,,
19003,Dudley Seers,Male,,,
19005,George Donald Alastair MacDougall,Male,,,
19022,Elizabeth B. Schumpeter,Female,,,
19023,Frank H. Golay,Male,,,
19024,James J. Duesenberry,Male,,,
19031,Edwin B. George,Male,,,
19035,George P. Shultz,Male,,,
19036,Emanuel Goldenweiser,Male,,,
19043,Cecil Mackintosh Birch,Male,,,
19053,Albert Rees,Male,,,
19058,Erik Lindahl,Male,,,
19061,George W. Terborgh,Male,,,
19062,Edgar M. Hoover,Male,,,
19065,Charles Hitch,Male,,,
19068,Edward Grosvenor Plowman,Male,,,
19069,Charles L. Dearing,Male,,,
19070,Clark Kerr,Male,,,
19076,Hazel Kyrk,Female,,,
19077,Allan G. B. Fisher,Male,,,
19082,Earl R. Rolph,Male,,,
19090,Burton Keirstead,Male,,,
19097,Walter W. Heller,Male,,,
19102,Arthur M. Ross,Male,,,
19137,Edgar Weinberg,Male,,,
19138,Francois Perroux,Male,,,
19140,Elinor Harris,Female,,,
19150,Kenneth May,Male,,,
19171,Arthur Hazlewood,Male,,,
19196,George L. Bach,Male,,,
19198,Alexander Gray,Male,,,
19208,George J. Schuller,Male,,,
19210,Arthur Peter Becker,Male,,,
19216,Andreas G. Papandreou,Male,,,
19234,Ernest Henry Phelps Brown,Male,,,
19238,Gilbert Walker,Male,,,
19247,Fred H. Klopstock,Male,,,
19251,Clement Lowell Harriss,Male,,,
19253,Joseph Lerner,Male,,,
19266,François Divisia,Male,,,
19283,David Harold Blackwell,Male,,,
19286,David Hawkins,Male,,,
19288,Georges Lutfalla,Male,,,
19296,Hubert Henderson,Male,,,
19310,Charles J. Macgarvey,Male,,,
19311,Matthew A. Kelly,Male,,,
19321,George Heberton Evans,Male,,,
19322,Ewald T. Grether,Male,,,
19324,Felipe Pazos,Male,,,
19344,George F. Break,Male,,,
19347,Helen J. Mellon Cooke,Female,,,
19366,Hans Apel,Male,,,
19385,Andre Nataf,Male,,,
19387,Edward Ames,Male,,,
19392,Bertrand Nogaro,Male,,,
19396,?mile Borel,Male,,,
19403,John S. Henderson,Male,,,
19409,Douglas Chalmers Hague,Male,,,
19418,Robert Solow,Male,,,
19435,Arthur M. Okun,Male,,,
19436,Edith Tilton Penrose,Female,,,
19437,Glenn E. Guthrie,Male,,,
19438,Donald C. Miller,Male,,,
19439,Herbert Stein,Male,,,
19448,David Solomons,Male,,,
19455,James E. Jensen,Male,,,
19467,Harry S. Schwartz,Male,,,
19473,Martin Beckmann,Male,,,
19492,Edward S. Mason,Male,,,
19528,Edward Marcus,Male,,,
19531,Edward H. Chamberlin,Male,,,
19535,Charles Arnold Anderson,Male,,,
19536,James C. Brown,Male,,,
19545,Gove Griffith Johnson,Male,,,
19548,Edward C. Welsh,Male,,,
19549,George A. Lincoln,Male,,,
19550,David M. Wright,Male,,,
19551,Geoffrey H. Moore,Male,,,
19558,Mark L. Kahn,Male,,,
19563,Robert J. Myers,Male,,,
19569,Frank E. Bothwell,Male,,,
19580,Abraham Wald,Male,,,
19586,Harry Markowitz,Male,,,
19592,Harold D. Koontz,Male,,,
19600,Arthur F. Burns,Male,,,
19606,Gershon Cooper,Male,,,
19611,George H. Borts,Male,,,
19613,Hugh Rose,Male,,,
19614,Robert W. Adams,Male,,,
19629,Charles Kennedy,Male,,,
19632,Colin George Frederick Simkin,Male,,,
19646,Carl G. Uhr,Male,,,
19649,Walter Adams,Male,,,
19656,Frederick Mosteller,Male,,,
19659,Arthur H. Leigh,Male,,,
19669,George Seltzer,Male,,,
19670,Alfred F. Chalk,Male,,,
19671,Donald J. Dewey,Male,,,
19673,David Gordon Tyndall,Male,,,
19674,Carolyn Shaw Bell,Female,,,
19685,Elizabeth E. Hoyt,Female,,,
19687,Clarence E. Ayres,Male,,,
19694,Henry S. Dennison,Male,,,
19695,Francis Murray Boddy,Male,,,
19696,Frank E. Norton,Male,,,
19698,Harold A. Innis,Male,,,
19707,John E. Sawyer,Male,,,
19708,Henry W. Balgooyen,Male,,,
19709,Daniel H. Buchanan,Male,,,
19717,Michael L. Hoffman,Male,,,
19723,Ernest W. Williams,Male,,,
19725,Horace M. Gray,Male,,,
19726,Charles Woody Thompson,Male,,,
19728,Eli Ginzberg,Male,,,
19730,Herbert E. Klarman,Male,,,
19731,Clarence A. Kulp,Male,,,
19736,George Mehren,Male,,,
19737,Gertrude Schroeder,Female,,,
19743,Alfred Sherrard,Male,,,
19744,Edward S. Shaw,Male,,,
19750,Eli Schwartz,Male,,,
19751,Donald A. Moore,Male,,,
19752,George A. Bishop,Male,,,
19757,Herbert Ellsworth Steele,Male,,,
19758,Florence Jaffy,Female,,,
19761,Alfred Marshall,Male,,,
19767,Horace Taylor,Male,,,
19773,Albert B. Wolfe,Male,,,
19776,Edward E. Hale,Male,,,
19777,Bruce W. Knight,Male,,,
19781,Clay P. Malick,Male,,,
19796,Greg Yarrow,Male,,,
19799,Howard C. Petith,Male,,,
19812,Gabi Bin Nun,Male,,,
19827,Gary Patrick O'Driscoll,Male,,,
19870,Heywood Fleisig,Male,,,
19878,Eirik Furubotn,Male,,,
19893,C. Fred Bergsten,Male,,,
19914,Herbert Mohring,Male,,,
19933,Bernard Dumas,Male,,,
19935,Carl Palash,Male,,,
19947,David Gowland,Male,,,
19951,Christopher Jencks,Male,,,
19967, Fredrick Golladay,Male,,,
19974,Edmund Sheehey,Male,,,
20008,David John Mayston,Male,,,
20014,George Schink,Male,,,
20015,Brian Chiplin,Male,,,
20017,George Kopits,Male,,,
20018,Bertram Schefold,Male,,,
20023,Dan Galai,Male,,,
20024,Goran Skogh,Male,,,
20060,Helene Couprie,Female,,,
20077,Richard Romano,Male,,,
20097,Christoph Lulfesmann,Male,,,
20100,Dominique Van De Walle,Female,,,
20102,David E. Sahn,Male,,,
20111,Harris Selod,Male,,,
20114,Albert Park,Male,,,
20138,Diego Saravia,Male,,,
20144,Christopher Allsopp,Male,,,
20145,Amit Kara,Male,,,
20146,Edward Nelson,Male,,,
20150,David Cobham,Male,,,
20153,Campbell Leith,Male,,,
20164,Darlene Chisolm,Female,,,
20179,David Cutler,Male,,,
20181,Kevin A. Hassett,Male,,,
20192,Bruce Greenwald,Male,,,
20206,Helen Bernhard,Female,,,
20221,Gregory N. Price,Male,,,
20222,Howard Bodenhorn,Male,,,
20245,Eswar S. Prasad,Male,,,
20253,David Daokui Li,Male,,,
20259,Christian Merkl,Male,,,
20260,Christopher Udry,Male,,,
20267,Alejandro Izquierdo,Male,,,
20268,Ernesto Talvi,Male,,,
20278,Charles Stull,Male,,,
20281,Christian Rojas,Male,,,
20309,Bruce McGough,Male,,,
20310,Ales Cerny,Male,,,
20347,Halvor Mehlum,Male,,,
20356,Bas van der Klaauw,Male,,,
20374,Alfred Guender,Male,,,
20394,Frank Vahid,Male,,,
20402,Ada Ferrer-I-Carbonell,Female,,,
20403,Enrica Carbone,Female,,,
20415,Alok K. Bohara,Male,,,
20420,David Roodman,Male,,,
20425,Finn Tarp,Male,,,
20427,Bruce Hollingsworth,Male,,,
20434,Alan Greenspan,Male,,,
20516,Alicia Menendez,Female,,,
20523,Avi Dor,Male,,,
20544,Bryan Caplan,Male,,,
20557,David A. Schkade,Male,,,
20561,Christine Jolls,Female,,,
20565,Hugo M. Mialon,Male,,,
20589,Hans van Ophem,Male,,,
20598,David Berri,Male,,,
20601,Eli Feinerman,Male,,,
20609,Christian Wey,Male,,,
20614,Andy Dickerson,Male,,,
20617,Amelia U. Santos-Paulino,Male,,,
20618,Anthony P Thirlwall ,Male,,,
20621,Georgia Kosmopoulou,Female,,,
20626,Bernard Jean Michel Ruffieux,Male,,,
20634,Dorothe Bonjour,Female,,,
20664,B. Burcin Yurtoglu,Male,,,
20670,Glenda Quintini,Female,,,
20714,John P. Lewis,Male,,,
20719,Frederick Balderston,Male,,,
20720,Elliot Zupnick,Male,,,
20725,Glenn L. Burrows,Male,,,
20733,Andre Gabor,Male,,,
20765,Allan M. Cartter,Male,,,
20770,Emile Grunberg,Male,,,
20771,Earl O. Ready,Male,,,
20775,Alexander Henderson,Male,,,
20778,Herman Chernoff,Male,,,
20786,David Miles Bensusan-Butt,Male,,,
20789,Donald Carlisle,Male,,,
20800,Bernard Karsh,Male,,,
20802,Henry W. Broude,Male,,,
20804,Georges Rottier,Male,,,
20808,Donald Wayne Bushaw,Male,,,
20813,Harry C. Eastman,Male,,,
20819,Harry Clare Pentland,Male,,,
20827,John Kenneth Galbraith,Male,,,
20828,Arthur H. Cole,Male,,,
20830,Harold M. Levinson,Male,,,
20831,Gerhard Colm,Male,,,
20835,August Maffry,Male,,,
20838,Dennis H. Robertson,Male,,,
20845,H. Scott Gordon,Male,,,
20849,Denys Lawrence Munby,Male,,,
20854,Donald R. Kaldor,Male,,,
20857,Charls E. Walker,Male,,,
20860,Daniel Bernoulli,Male,,,
20874,Henry Douglas Dickinson,Male,,,
20875,David Braybrooke,Male,,,
20881,Clarence Philbrook,Male,,,
20891,Harold Pilvin,Male,,,
20894,George B. Baldwin,Male,,,
20896,Bushrod W. Allin,Male,,,
20901,David C. Mcgarvey,Male,,,
20904,Gregory Grossman,Male,,,
20909,George Rosen,Male,,,
20914,Bernard Weber,Male,,,
20924,George Edwin Britnell,Male,,,
20928,Gregor Sebba,Male,,,
20929,Andrew Stewart,Male,,,
20939,David M. Blank,Male,,,
20940,Horace B. Davis,Male,,,
20948,Harold Adams Innis,Male,,,
20949,Donald Innis,Male,,,
20951,Clarence L. Barber,Male,,,
20955,John M. Hunter,Male,,,
20958,Edward A. Carlin,Male,,,
20961,George F. Thirlby,Male,,,
20963,Charles Oscar Hardy,Male,,,
20964,Carl Landauer,Male,,,
20966,Andrew Chung Huang,Male,,,
20969,Delbert A. Snider,Male,,,
20972,Henry Grayson,Male,,,
20984,Ernest C. Olson,Male,,,
20988,Henry Shavell,Male,,,
20995,Arthur Robert Burns,Male,,,
20997,Paul M. Gregory,Male,,,
21002,Elizabeth L. Scott,Female,,,
21009,Graeme S. Dorrance,Male,,,
21019,Robert J. Rosenthal,Male,,,
21024,Anna Jacobson Schwartz,Female,,,
21025,Alvin Hansen,Male,,,
21026,Hubert D. Henderson,Male,,,
21027,George Fussell,Male,,,
21032,Edwin P. Reubens,Male,,,
21033,Bray Hammond,Male,,,
21041,Allan Sproul,Male,,,
21042,Alan S. Donnahoe,Male,,,
21043,Fritz Redlich,Male,,,
21046,Alan H. Temple,Male,,,
21047,Frank R. Garfield,Male,,,
21048,Ansley J. Coale,Male,,,
21053,Benjamin U. Ratchford,Male,,,
21054,Aryness Joy Wickens,Female,,,
21056,Howard H. Preston,Male,,,
21061,Eliot J. Swan,Male,,,
21064,Ewan Clague,Male,,,
21068,Howard G. Brunsman,Male,,,
21086,David Novick,Male,,,
21087,David L. Glickman,Male,,,
21088,Bernard D. Weinryb,Male,,,
21092,Fritz Karl Mann,Male,,,
21099,Hobart C. Carr,Male,,,
21107,Clyde W. Summers,Male,,,
21111,Howard L. Jones,Male,,,
21114,Philip S. Brown,Male,,,
21122,George R. Davies,Male,,,
21123,Erik Ruist,Male,,,
21128,Albert L. Meyers,Male,,,
21130,George P. Comer,Male,,,
21131,Alfred G. Buehler,Male,,,
21132,Beardsley Ruml,Male,,,
21133,Alan R. Sweezy,Male,,,
21136,D. Philip Locklin,Male,,,
21137,Elmer A. Smith,Male,,,
21138,Hobart S. Perry,Male,,,
21139,Henry L. Deimel,Male,,,
21142,Arthur I. Bloomfield,Male,,,
21146,Harold B. Rowe,Male,,,
21147,Elmer J. Working,Male,,,
21148,Bernard W. Dempsey,Male,,,
21149,Harold L. Seligman,Male,,,
21151,Eric Schiff,Male,,,
21161,Hiroshi Yoshikawa,Male,,,
21165,David Blackaby,Male,,,
21171,Geraint Johnes,Male,,,
21173,Dennis W. Jansen,Male,,,
21174,Caroline L. Dinwiddy,Female,,,
21176,Francis John Teal,Male,,,
21181,David Landes,Male,,,
21192,Frank A Sloan,Male,,,
21236,David C. Mowery,Male,,,
21238,Deborah Laren,Female,,,
21279,Christine Anne Greenhalgh,Female,,,
21298,Charles Baden-Fuller,Male,,,
21332,Chongkee Yip,Male,,,
21333,Hadi Salehi Esfahani,Male,,,
21334,Djavad Salehi-Isfahani,Male,,,
21348,Carlos Manuel Urzúa Macías,Male,,,
21354,Denis Patrick O'Brien,Male,,,
21360,Edbert Ansgar Hewett,Male,,,
21364,Cynthia Rexroat,Female,,,
21448,Bruce Hansen,Male,,,
21480,Charles Schotta,Male,,,
21494,C. Leroy Quance,Male,,,
21500,Arthur E. Gandolfi,Male,,,
21509,Charlotte Phelps,Female,,,
21566,Carlo A Favero,Male,,,
21570,Dirk Nitzsche,Male,,,
21594,Ellen R. Dulberger,Female,,,
21611,Camilla Kazimi,Female,,,
21624,Florencio Lopez de Silanes,Male,,,
21636,Gerald Marschke,Male,,,
21662,Bruce Chapman,Male,,,
21691,David Fielding,Male,,,
21692,Alessandra Pelloni,Female,,,
21703,Hp Mollgaard,Male,,,
21708,David Paton,Male,,,
21726,David Whynes,Male,,,
21746,Ben J. Heijdra,Male,,,
21768,Avner Bar-ilan,Male,,,
21785,Anne Gron,Female,,,
21786,Deborah Swenson,Female,,,
21864,Carl Liedholm,Male,,,
21867,Eugenio Bobenrieth,Male,,,
21883,Fredrik Carlsson,Male,,,
21889,George Hoffer,Male,,,
21902,Christos Kotsogiannis,Male,,,
21946,Atsushi Inoue,Male,,,
21951,Branko Milanović,Male,,,
21956,Farshid Vahid,Male,,,
21990,Adonis Yatchew,Male,,,
21992,Holger Görg,Male,,,
21994,Eric Strobl,Male,,,
22001,Frances Woolley,Female,,,
22018,Elena Ranguelova,Female,,,
22027,Eliot Maenner,Male,,,
22036,Cecilia Garcia-Penalosa,Female,,,
22038,Alexander Michaelides,Male,,,
22043,David Carr,Male,,,
22048,Dieter Balkenborg,Male,,,
22050,Arie Arnon,Male,,,
22056,Charles Albert Eric Goodhart,Male,,,
22085,Alison Aughinbaugh,Female,,,
22093,Anthony P Carnevale,Male,,,
22127,Angel de la Fuente,Male,,,
22137,George (Yiorgos) Allayannis,Male,,,
22161,Asaf Bernstein,Male,,,
22167,Alexander Whalley,Male,,,
22173,Domenico Giannone,Male,,,
22175,Anton Tsoy,Male,,,
22179,Basile Grassi,Male,,,
22180,Abhijeet Singh,Male,,,
22181,Alejandro J. Ganimian,Male,,,
22182,Ethan M. J. Lieber,Male,,,
22186,Gabrielle Fack,Female,,,
22199,Emily J. Blanchard,Female,,,
22201,Hylke Vandenbussche,Female,,,
22213,Andra C. Ghent,Female,,,
22239,Eric Weese,Male,,,
22244,Elliot Lipnowski,Male,,,
22245,Evan Sadler,Male,,,
22291,Harjoat S. Bhamra,Male,,,
22306,David J. Price,Male,,,
22319,Benedetta Lerva,Female,,,
22320,David A. Keiser,Male,,,
22326,Edmund Malesky,Male,,,
22330,Alison Booth,Female,,,
22331,Elliott Fan,Male,,,
22336,Fabio Braggion,Male,,,
22348,Alain Guay,Male,,,
22358,Gabor Pinter,Male,,,
22377,Adam Meirowitz,Male,,,
22381,Alan De Bromhead,Male,,,
22382,Alan Fernihough,Male,,,
22394,David P. Byrne,Male,,,
22399,Adriano A. Rampini,Male,,,
22401,Henning Weber,Male,,,
22403,Brian J. Phelan,Male,,,
22404,James Albrecht,Male,,,
22410,Susan Vroman,Female,,,
22415,Erlend Berg,Male,,,
22423,Emanuela Galasso,Female,,,
22442,Anthony Keats,Male,,,
22443,Francesco Furlanetto,Male,,,
22444,Francesco Ravazzolo,Male,,,
22447,Hans Van Kippersluis,Male,,,
22448,Evelina Gavrilova,Female,,,
22451,Floris T. Zoutman,Male,,,
22452,Charalambos G. Tsangarides,Male,,,
22453,Edith Sand,Female,,,
22457,Guillaume Liegey,Male,,,
22458,Antonin Bergeaud,Male,,,
22465,Danielle Li,Female,,,
22468,Bhaven Sampat,Male,,,
22477,Alessandro Dovis,Male,,,
22481,Benjamin Enke,Male,,,
22484,Florian Zimmermann,Male,,,
22487,Eduardo Morales,Male,,,
22497,Francois Salanie,Male,,,
22507,Christian Seel,Male,,,
22510,Emily Breza,Female,,,
22520,Christian Gouri?roux,Male,,,
22525,Chiara Criscuolo,Female,,,
22567,Robert Jensen,Male,,,
22571,Albert H. Choi,Male,,,
22583,Emily Jungheim,Female,,,
22592,Michael Bailey,Male,,,
22599,Anna Raute,Female,,,
22604,Devin Pope,Male,,,
22612,Andrew C. Johnston,Male,,,
22617,David R. Agrawal,Male,,,
22619,Damoun Ashournia,Male,,,
22621,Abhiroop Mukhopadhyay,Male,,,
22625,Erik Nesson,Male,,,
22626,Joshua J. Robinson,Male,,,
22627,Fredrick Vars,Male,,,
22630,Alireza Naghavi,Male,,,
22631,Domenico Ferraro,Male,,,
22638,Cecile Gaubert,Female,,,
22642,Christopher Roth,Male,,,
22649,Elira Kuka,Female,,,
22654,Harun Alp,Male,,,
22676,Adam Sanjurjo,Male,,,
22697,Brian Beach,Male,,,
22706,Alexandru Minea,Male,,,
22710,Caio Machado,Male,,,
22711,Matthew C. Harris,Male,,,
22716,Francesco Manaresi,Male,,,
22718,Andreas Panagopoulos,Male,,,
22722,Anke Becker,Female,,,
22732,David Arnold,Male,,,
22737,Daniel Villar,Male,,,
22740,David Toniatti,Male,,,
22744,Alain Delacroix,Male,,,
22752,Andrew C. Shaver,Male,,,
22753,Austin L. Wright,Male,,,
22774,David Powell,Male,,,
22786,Gregory Veramendi,Male,,,
22796,Eric Chyn,Male,,,
22805,Eric Avis,Male,,,
22821,Arnaud Philippe,Male,,,
22822,Aurelie Ouss,Female,,,
22826,Andrea Lanteri,Male,,,
22827,Heather Antecol,Female,,,
22830,Bei Qin,Female,,,
22831,David Stromberg,Male,,,
22843,Aur?lien Baillon,Male,,,
22846,Dan Cao,Male,,,
22850,Germain Gaudin,Male,,,
22851,Clemence Tricaud,Female,,,
22852,Ana Babus,Female,,,
22853,David Rezza Baqaee,Male,,,
22857,Alain Chateauneuf,Male,,,
22860,Chen Lian,Male,,,
22871,Giovanna D'Adda,Female,,,
22873,Farah Said,Female,,,
22876,Federico Droller,Male,,,
22879,Gary Magee,Male,,,
22882,Georgios Gerasimou,Male,,,
22886,Alessia Lo Turco,Female,,,
22887,Daniela Maggioni,Female,,,
22888,Guillermo Marshall,Male,,,
22891,Stephen Yeaple,Male,,,
22896,Edward W. Pinchbeck,Male,,,
22901,David Schoenherr,Male,,,
22909,Andrew J. Fieldhouse,Male,,,
22920,David H. Hsu,Male,,,
22930,Dotan Persitz,Male,,,
22936,Claudia Cantabene,Female,,,
22948,Anders Frederiksen,Male,,,
22960,Benedetto Molinari,Male,,,
22961,Francesco Turino,Male,,,
22962,Anna Sandberg,Female,,,
22963,Gabriel Ulyssea,Male,,,
22974,Daniel K. Fetter,Male,,,
22983,Ferdinand M. Vieider,Male,,,
22984,Brad Hershbein,Male,,,
22991,Hans K. Hvide,Male,,,
23000,Anovia Yifan Dai,Female,,,
23004,Dany Bahar,Male,,,
23005,Christopher Parsons,Male,,,
23009,Georg Noeldeke,Male,,,
23020,Alexander Chudik,Male,,,
23021,George Kapetanios,Male,,,
23023,Adrian Adermon,Male,,,
23025,Daniel Waldenstrom,Male,,,
23026,Alex Armand,Male,,,
23029,Erhan Artuc,Male,,,
23030,Daniel Bennett,Male,,,
23032,Asjad Naqvi,Male,,,
23044,Bansi Malde,Female,,,
23061,Brian Mccaig,Male,,,
23062,B. Pablo Montagnes,Male,,,
23063,Daniel B. Magleby,Male,,,
23068,Huailu Li,Female,,,
23087,Daniel I. Rees,Male,,,
23088,Diane Coffey,Female,,,
23089,Dean Spears,Male,,,
23097,Agne Suziedelyte,Female,,,
23106,Dana Sisak,Female,,,
23109,Alexander W. Richter,Male,,,
23115,Hannah M. Postel,Female,,,
23124,David Krisztian Nagy,Male,,,
23145,Carlos Noton,Male,,,
23146,Andres Elberg,Male,,,
23158,Alessandro Iaria,Male,,,
23159,Carlo Schwarz,Male,,,
23173,Halsey Rogers,Male,,,
23193,Emiliano S. Pagnotta,Male,,,
23203,Corentin Trevien,Male,,,
23205,Fernanda Leon,Female,,,
23209,Ben Rhodri Newell,Male,,,
23212,Eddy Bekkers,Male,,,
23214,Hugo Rojas-Romagosa,Male,,,
23216,Alessandro Marchesiani,Male,,,
23220,Emilio Depetris-Chauvin,Male,,,
23224,Audrey Hu,Female,,,
23259,Alex Bell,Male,,,
23261,Andrei Markevich,Male,,,
23265,Cathy Zhang,Female,,,
23266,Dana Foarta,Female,,,
23271,Jennifer C. Smith,Female,,,
23275,Fabio Milani,Male,,,
23282,Frederick Van Der Ploeg,Male,,,
23288,Eliana Viviano,Female,,,
23292,Branko Milanovic,Male,,,
23305,Anthony Shorrocks,Male,,,
23314,Bert Brys,Male,,,
23315,Christopher Heady,Male,,,
23316,Asa Johansson,Female,,,
23322,Gregory De Walque,Male,,,
23324,Abdelaziz Rouabah,Male,,,
23327,Robert A. Hart,Male,,,
23332,Cormac O'Dea,Male,,,
23338,Ben Rickayzen,Male,,,
23341,Robert Willis,Male,,,
23345,Dorly J. H. Deeg,Female,,,
23349,Benito Arrunada,Male,,,
23360,Emma Tominey,Female,,,
23365,Fenghua Song,Male,,,
23367,Benjamin R. Chabot,Male,,,
23368,Christopher J. Kurz,Male,,,
23376,Eric Bettinger,Male,,,
23378,Eduardo Cavallo,Male,,,
23379,Andrew Powell,Male,,,
23385,Frederic Koessler,Male,,,
23399,Eskil Heinesen,Male,,,
23412,Gernot J. Mueller,Male,,,
23422,David Scharfstein,Male,,,
23426,Anthony Landry,Male,,,
23429,Carol A. Corrado,Female,,,
23432,Ernest Aryeetey,Male,,,
23434,Fiona Murray,Female,,,
23451,Gal Hochman,Male,,,
23452,Deepak Rajagopal,Male,,,
23459,Colleen Flaherty Manchester,Female,,,
23465,Amit Kramer,Male,,,
23467,Heinrich Hock,Male,,,
23478,Dan Goldhaber,Male,,,
23479,Michael Hansen,Male,,,
23484,Amy L. Wooten,Female,,,
23486,Cecilia Speroni,Female,,,
23489,Eoghan Garvey,Male,,,
23491,William Lee,Male,,,
23495,David T. Jacho-Chavez,Male,,,
23497,David Chan,Male,,,
23508,Dakshina G. De Silva,Male,,,
23511,Anita R. Schiller,Female,,,
23512,Andres J. Vargas,Male,,,
23518,Donna K. Ginther,Female,,,
23519,Christine Zulehner,Female,,,
23526,Agustin Roitman,Male,,,
23541,Conny Olovsson,Male,,,
23542,Joshua Elliott,Male,,,
23545,Fernando Perez Cervantes,Male,,,
23546,David Weisbach,Male,,,
23562,Dennis Glennon,Male,,,
23568,Douglas D. Evanoff,Male,,,
23571,Christopher Mayer,Male,,,
23596,Jeffrey Frankel,Male,,,
23597,Daniel Xie,Male,,,
23604,Frank M. Keane,Male,,,
23661,Anthony Myatt,Male,,,
23663,David Heald,Male,,,
23664,Charles Horioka,Male,,,
23680,Iain McNicoll,Male,,,
23713,Diane Werneke,Female,,,
23720,Arthur Blakemore,Male,,,
23724,Barbara Reagan,Male,,,
23727,Gilbert L Rutman,Male,,,
23737,Hossein Askari,Male,,,
23752,Frank Mathewson,Male,,,
23764,Colin A. Carter,Male,,,
23772,Anna Schwartz,Male,,,
23808,David L. Cleeton,Male,,,
23825,Howard Gruenspecht,Male,,,
23829,Barbara Kathryn Atrostic,Female,,,
23833,Alan Coddington,Male,,,
23892,Dean R. Leimer,Male,,,
23914,Dionysios Karageorgas,Male,,,
23917,Edith Elura Tilton Penrose,Female,,,
23919,Elmar G. Wolfstetter,Male,,,
23920,Colin Harbury,Male,,,
23945,Dennis deTray,Male,,,
23979,Fred Arditti,Male,,,
23981,Frank C. Wykoff,Male,,,
23987,David Bailey,Male,,,
23988,Arthur Melvin Okun,Male,,,
24009,Harry Cleaver Jr.,Male,,,
24029,Gunnar Myrdal,Male,,,
24034,Daniel Weiserbs,Male,,,
24051,Damodar N. Gujarati,Male,,,
24053,David Newbery,Male,,,
24058,AE Fareed,Male,,,
24060,Edward T. Nevin,Male,,,
24097,Anna Zalewska,Female,,,
24098,Filippo Massari,Male,,,
24103,Dirk Bethmann,Male,,,
24104,David De La Croix,Male,,,
24108,David Miles,Male,,,
24111,Gilberto Marcheggiano,Male,,,
24129,Eric T. Stuen,Male,,,
24139,Paul Levine,Male,,,
24141,George Perendia,Male,,,
24147,William English,Male,,,
24149,Huw Pill,Male,,,
24157,Constanca Esteves-Sorenson,Female,,,
24158,Fabrizio Perretti,Male,,,
24162,Michael Anderson,Male,,,
24166,Alejandro Donado,Male,,,
24171,Bradley J. Ruffle,Male,,,
24178,Fabio Berton,Male,,,
24179,Carlo Dell'Aringa,Male,,,
24180,Boris Hirsch,Male,,,
24183,Elke J. Jahn,Female,,,
24185,Claus Schnabel,Male,,,
24188,Catherine Waddams Price,Female,,,
24200,Craig Mcintosh,Male,,,
24207,Betty C. Daniel,Female,,,
24210,Gregory Corcos,Male,,,
24212,Giordano Mion,Male,,,
24216,Alexander Hijzen,Male,,,
24239,Bulent Unel,Male,,,
24266,Arturo Estrella,Male,,,
24270,Apostolos Katsaris,Male,,,
24292,Carlos da Costa,Male,,,
24313,Austin Nichols,Male,,,
24321,Hamilton Lankford,Male,,,
24324,Charlene Kalenkoski,Female,,,
24355,Ana Aizcorbe,Female,,,
24358,Diego Valderrama,Male,,,
24379,Ellen McGrattan,Female,,,
24404,Erik Hoelzl,Male,,,
24405,Gert Peersman,Male,,,
24417,Forhad Shilpi,Female,,,
24434,Fabrice Etil?,Male,,,
24436,Claudia Senik,Female,,,
24441,Hans-Martin Krolzig,Male,,,
24453,Elizabeth Washbrook,Male,,,
24472,Alberto Zazzaro,Male,,,
24476,Barbara Elisabeth Baarsma,Male,,,
24493,Christopher B. Barrett,Male,,,
24496,David Coady,Male,,,
24520,Andr?s Velasco,Male,,,
24523,Beverly Lapham,Female,,,
24530,David McFarland,Male,,,
24537,Hukukane Nikaido,Male,,,
24561,Christopher Kilby,Male,,,
24562,Charles Hilliard Feinstein,Male,,,
24604,Harald Malmgren,Male,,,
24616,George Macesich,Male,,,
24618,Howard Raiffa,Male,,,
24667,Arnold Collery,Male,,,
24689,Donald M. Lamberton,Male,,,
24710,Carlos Garriga,Male,,,
24712,Aaron Hedlund,Male,,,
24720,John K-H Quah,Male,,,
24724,Matthew S. Johnson,Male,,,
24725,Alexander G. James,Male,,,
24726,Brock Smith,Male,,,
24733,Heiko Karle,Male,,,
24750,Changhua Yu,Male,,,
24751,Carlos Sanz,Male,,,
24763,Amir Kermani,Male,,,
24767,Harikesh Nair,Male,,,
24777,Bo E. Honore,Male,,,
24780,Christopher Taber,Male,,,
24803,Christopher J. Tyson,Male,,,
24804,Alexander M. Jakobsen,Male,,,
24805,Adam J. Kapor,Male,,,
24806,Christopher A. Neilson,Male,,,
24809,Edward Davenport,Male,,,
24810,Scott S. Lee,Male,,,
24812,Joseph E. Gomes,Male,,,
24819,Greer K. Gosnell,Female,,,
24831,Costas Cavounidis,Male,,,
24838,Daniel Barth,Male,,,
24851,Charles Jones,Male,,,
24858,David Dreyer Lassen,Male,,,
24871,Dominik Sachs,Male,,,
24875,Andrea Tesei,Male,,,
24884,Giulia Brancaccio,Female,,,
24887,Daisuke Oyama,Male,,,
24889,Cemal Eren Arbatli,Male,,,
24897,Emine Boz,Female,,,
24898,Camila Casas,Female,,,
24899,Federico J. Diez,Male,,,
24901,Antony Millner,Male,,,
24902,Anna Sanktjohanser,Female,,,
24923,Elizabeth M. Caucutt,Female,,,
24925,Giuseppe De Feo,Male,,,
24926,Giacomo Davide De Luca,Male,,,
24927,Arvind Magesan,Male,,,
24931,James S. Cloyne,Male,,,
24932,Ethan Ilzetzki,Male,,,
24941,David W. Brown,Male,,,
24944,Christina M. Dalton,Female,,,
24949,Eduardo Davila,Male,,,
24951,Anthony A. Defusco,Male,,,
24952,Stephanie Johnson,Female,,,
24961,Amanda G. Gregg,Female,,,
24968,Eric Bahel,Male,,,
24972,Fabian Kosse,Male,,,
24975,Hannah Schildberg-Hoerisch,Female,,,
24982,Edoardo Ciscato,Male,,,
24988,Patrick J. Kennedy,Male,,,
24990,Abhinav Narayanan,Male,,,
24991,Benjamin Heebsh,Male,,,
24998,Annie Liang,Female,,,
25004,Horacio Larreguy,Male,,,
25020,Giulio Zanella,Male,,,
25022,Ben Mermelstein,Male,,,
25026,Thomas Noe,Male,,,
25032,Erik Oberg,Male,,,
25037,Clodomiro Ferreira,Male,,,
25050,Christine Ho,Female,,,
25054,David Blakeslee,Male,,,
25057,Deepal Basak,Male,,,
25059,Brant Abbott,Male,,,
25067,Emily Oehlsen,Female,,,
25073,Simon Weber,Male,,,
25077,Grant Graziano,Male,,,
25078,Andreas Stathopoulos,Male,,,
25080,David Molitor,Male,,,
25084,Andreas Mueller,Male,,,
25092,Fernando Luco,Male,,,
25095,Dongni Zhu,Female,,,
25108,Michael Devereux,Male,,,
25113,Florian Englmaier,Male,,,
25119,Hyejin Ku,Female,,,
25120,Felix Koenig,Male,,,
25123,Domenico Tabasso,Male,,,
25124,Barbara Hofmann,Female,,,
25125,Arne Uhlendorff,Male,,,
25128,Antonio F. Galvao,Male,,,
25144,Gerard Padro Miquel,Male,,,
25148,Gloria Sheu,Female,,,
25149,Andres Zahler,Male,,,
25150,Eduardo Souza-Rodrigues,Male,,,
25151,Corinne Low,Female,,,
25154,Colin D. Sullivan,Male,,,
25156,Federica Romei,Female,,,
25164,Guillaume Frechette,Male,,,
25167,James Bushnell,Male,,,
25168,Frank A. Wolak,Male,,,
25175,Eduardo Azevedo,Male,,,
25176,Clayton R. Featherstone,Male,,,
25179,Matthew Smith,Male,,,
25182,Damon Jones,Male,,,
25189,Ernest Liu,Male,,,
25190,Alan Benson,Male,,,
25193,Ahmed Tahoun,Male,,,
25197,John J. Conlon,Male,,,
25210,Steven Rivkin,Male,,,
25211,Hayley Fisher,Fisher,,,
25212,Anna Zhu,Female,,,
25227,Francesc Dilme,Male,,,
25228,Fei Li,Male,,,
25239,Carmit Segal,Female,,,
25242,Giorgio Martini,Male,,,
25245,Christopher R. Bollinger,Male,,,
25246,Barry T. Hirsch,Male,,,
25247,Charles M. Hokayem,Male,,,
25260,Alejandro Martinez-Marquina,Male,,,
25261,Emanuel Vespa,Male,,,
25267,Carlo Galli,Male,,,
25269,Ben Charoenwong,Male,,,
25270,Alan Kwan,Male,,,
25272,Daniel Garcia-Macia,Male,,,
25281,Alexander Teytelboym,Male,,,
25284,Ani Guerdjikova,Female,,,
25293,Haelim Anderson,Female,,,
25304,Fabian Kindermann,Male,,,
25312,Franklin Qian,Male,,,
25313,Gerben Bakker,Male,,,
25315,Dimitris Christelis,Male,,,
25316,Dimitris Georgarakos,Male,,,
25319,Antti Kauhanen,Male,,,
25325,David J. Freeman,Male,,,
25326,Elena Fumagalli,Female,,,
25330,Felix Povel,Male,,,
25336,Dmitry Kuvshinov,Male,,,
25337,Doruk Cengiz,Male,,,
25338,Attila Lindner,Male,,,
25341,Ben Zipperer,Male,,,
25342,Gojko Barjamovic,Male,,,
25355,Constantine Manda,Male,,,
25360,Robert Clark,Male,,,
25370,Alex Frankel,Male,,,
25371,Alvaro Garcia-Marin,Male,,,
25372,Ben Gillen,Male,,,
25374,Erik Prawitz,Male,,,
25378,Huiyu Li,Female,,,
25385,Guillaume R. Frechette,Male,,,
25392,Gregor Jarosch,Male,,,
25397,Benoit Schmutz,Male,,,
25400,Daniel Da Mata,Male,,,
25402,Elena Cettolin,Female,,,
25403,Ari Hyytinen,Male,,,
25411,Daniele Nosenzo,Male,,,
25413,Elena Andreou,Female,,,
25415,Eric Ghysels,Male,,,
25420,Andreas Kleiner,Male,,,
25422,Alejandro Manelli,Male,,,
25424,Facundo Albornoz,Male,,,
25430,Ali Sina Onder,Male,,,
25432,Jonathan James,Male,,,
25433,Andrea Gallice,Male,,,
25436,Andy Snell,Male,,,
25437,David C. Phillips,Male,,,
25448,Andreas Kostol,Male,,,
25449,Bradley Setzler,Male,,,
25450,Arthur Blouin,Male,,,
25453,David L. Dicks,Male,,,
25458,Anwen Zhang,Male,,,
25460,Joshua Rauh,Male,,,
25461,Eugenio Proto,Male,,,
25464,Andis Sofianos,Male,,,
25466,William Nordhaus,Male,,,
25471,Annette Alstadsaeter,Female,,,
25480,Christian Bruns,Male,,,
25481,Anja Benshaul-Tolonen,Female,,,
25485,Guillaume Daudin,Male,,,
25496,Aureo De Paula,Male,,,
25506,Ariel Benyishay,Male,,,
25508,Caroline Thomas,Female,,,
25509,Daniel Bjorkegren,Male,,,
25510,John Leahy,Male,,,
25515,Francesco D'Acunto,Male,,,
25517,Geoffroy De Clippel,Male,,,
25536,Elizabeth Baldwin,Female,,,
25542,Anders Bredahl Kock,Male,,,
25543,David Preinerstorfer,Male,,,
25548,Benjamin Schoefer,Male,,,
25549,David Seim,Male,,,
25553,Hedibert F. Lopes,Male,,,
25559,Francesco Nava,Male,,,
25567,Boqian Jiang,Male,,,
25568,Abdulaziz B. Shifa,Male,,,
25571,Jeffrey L. Jordan,Male,,,
25572,Fernanda Estevan,Female,,,
25577,Andreas Heinen,Male,,,
25581,David A. Rivers,Male,,,
25583,Frode Martin Nordvik,Male,,,
25591,Emilia Simeonova,Female,,,
25593,Aleksey Tetenov,Male,,,
25601,Ali Jadbabaie,Male,,,
25604,Dongho Song,Male,,,
25611,Arnt O. Hopland,Male,,,
25612,Ghazala Azmat,Female,,,
25618,Dan Bogart,Male,,,
25628,Claudia Steinwender,Female,,,
25639,Giammario Impullitti,Male,,,
25649,Bradley T. Shapiro,Male,,,
25651,Himabindu Lakkaraju,Female,,,
25656,David Weil,Male,,,
25660,Eric Verhoogen,Male,,,
25663,Clemens Fuest,Male,,,
25666,Agne Kajackaite,Female,,,
25667,Christopher L. Culp,Male,,,
25670,Edoardo Teso,Male,,,
25672,Frederic Malherbe,Male,,,
25673,Chiara Farronato,Female,,,
25676,Christian Roessler,Male,,,
25685,Hans Jarle Kind,Male,,,
25687,Benoit Mojon,Male,,,
25692,Dale T. Manning,Male,,,
25694,Agnieszka Markiewicz,Female,,,
25708,Matthew A. Masten,Male,,,
25709,Alexandre Poirier,Male,,,
25718,Alex Smolin,Male,,,
25722,Ana Cecilia Fieler,Female,,,
25724,Daniel Yi Xi,Male,,,
25726,Allen Zhang,Male,,,
25733,Roger Myerson,Male,,,
25736,Robert Vishny,Male,,,
25742,Robert E. Lucas,Male,,,
25743,Derek Neal,Male,,,
25745,John List,Male,,,
25757,Caitlin Knowles Myers,Female,,,
25759,Damian Clarke,Male,,,
25763,Ania Jaroszewicz,Female,,,
25769,Christine Binzel,Female,,,
25782,Haichao Fan,Male,,,
25788,Edouard Schaal,Male,,,
25794,Davide Pirino,Male,,,
25798,Fedor Sandomirskiy,Male,,,
25799,Elena Yanovskaya,Female,,,
25806,Andriy Zapechelnyuk,Male,,,
25809,Avidit Acharya,Male,,,
25812,Andreas Stegmann,Male,,,
25825,Huan Xie,Female,,,
25829,Emil Verner,Male,,,
25831,Alexi Savov,Male,,,
25833,Ernesto Dal B'O,Male,,,
25851,Balazs Reizer,Male,,,
25869,Anders Bjorklund,Male,,,
25871,Ben Etheridge,Male,,,
25873,Peter Cramton,Male,,,
25874,Alfredo Di Tillio,Male,,,
25879,Daniel M. Smith,Male,,,
25882,Glenn Pfeiffer,Male,,,
25889,Derek Lemoine,Male,,,
25894,Esther Ann Boler,Female,,,
25897,Daria Taglioni,Female,,,
25901,Cesi Cruz,Female,,,
25903,Benjamin Hebert,Male,,,
25907,Erika Farnstrand Damsgaard,Fmale,,,
25911,Helder Vasconcelos,Male,,,
25918,Daniel Kleinlercher,Male,,,
25922,Hans R. A. Koster,Male,,,
25925,Martin A. Rossi,Male,,,
25933,Charles G. Nathanson,Male,,,
25934,Antoine Bommier,Male,,,
25936,Francois Le Grand,Male,,,
25939,Dominika Kryczka,Female,,,
25942,Cesare Robotti,Male,,,
25958,Christian N. Brinch,Male,,,
25971,Christian Helmers,Male,,,
25973,Anne Lacroix,Female,,,
25975,Bernard Ruffieux,Male,,,
25980,Gregory J. Martin,Male,,,
25990,Elisabeth Fevang,Female,,,
25993,Edward Kerby,Male,,,
25994,Alexander Moradi,Male,,,
25997,Bas Werker,Male,,,
25998,Carlos Daniel Santos,Male,,,
26000,Gabriella Sjogren Lindquist,Female,,,
26019,Justin Sydnor,Male,,,
26020,Claire Celerier,Female,,,
26021,Boris Vallee,Male,,,
26023,James M. Snyder,Male,,,
26024,Benjamin J. Gillen,Male,,,
26025,Guillermo Cruces,Male,,,
26039,Adam M. Lavecchia,Male,,,
26041,Deborah Goldschmidt,Female,,,
26042,Dylan Glover,Male,,,
26061,Daniel Wilhelm,Male,,,
26063,Chamna Yoon,Male,,,
26064,Daniel J. Wilson,Male,,,
26067,Christopher Gust,Male,,,
26068,Edward Herbst,Male,,,
26069,Matthew E. Smith,Male,,,
26070,Anne-Katrin Roesler,Female,,,
26073,Gary Biglaiser,Male,,,
26075,Jonathan L. Weigel,Male,,,
26077,Gani Aldashev,Male,,,
26080,Alexander Sebald,Male,,,
26085,Francesco Guala,Male,,,
26086,Antonio Filippin,Male,,,
26094,Francesco Pappada,Male,,,
26100,Astrid Wurtz Rasmussen,Female,,,
26101,Geert Bekaert,Male,,,
26102,Eric Engstrom,Male,,,
26103,Dario Cestau,Male,,,
26105,Francesco Passarelli,Male,,,
26110,Hannah Trachtman,Female,,,
26112,Constantinos Daskalakis,Male,,,
26113,Alan Deckelbaum,Male,,,
26114,Christos Tzamos,Male,,,
26120,Evan Calford,Male,,,
26138,Areerat Kichkha,Female,,,
26139,Andrew C. Chang,Male,,,
26151,Barbara A. Mellers,Female,,,
26156,Erling Barth,Male,,,
26163,Elif E. Demiral,Female,,,
26166,Anne Fitzpatrick,Female,,,
26169,Georg Graetz,Male,,,
26170,Daniel Fershtman,Male,,,
26171,Alexander White,Male,,,
26174,Assaf Romm,Male,,,
26179,Bertan Turhan,Male,,,
26181,Deborah Marciano,Female,,,
26188,Damian Kozbur,Male,,,
26194,Dana L. Suskind,Female,,,
26196,Elizabeth Lyons,Female,,,
26198,Erin L. Scott,Female,,,
26212,Henry R. Hyatt,Male,,,
26213,Hubert P. Janicki,Male,,,
26217,Christian Moser,Male,,,
26219,Facundo Alvaredo,Male,,,
26223,Alexander A. Smith,Male,,,
26224,Carl Wojtaszek,Male,,,
26230,Deepak Nayyar,Male,,,
26244,Arnold Heertje,Male,,,
26270,David Benson,Male,,,
26281,Arie P. Schinnar,Male,,,
26287,Aron Katsenelinboigen,Male,,,
26288,E. Wayne Nafziger,Male,,,
26295,George Galster,Male,,,
26304,Frederick R. (Rick) Warren-Boulton,Male,,,
26317,Elizabeth Roistacher,Female,,,
26329,Daniel R Kazmer,Male,,,
26351,Haim Ofek,Male,,,
26355,Arthur Havenner,Male,,,
26358,Fabrizio Carlevaro,Male,,,
26364,Fiona A. E. Coulter,Female,,,
26377,Franco Malerba,Male,,,
26391,Damien Neven,Male,,,
26393,Amitava Krishna Dutt,Male,,,
26411,David Charles Colander,Male,,,
26423,Hamid Mohtadi,Male,,,
26435,Hemamala Hettige,Female,,,
26437,Andr? de Palma,Male,,,
26469,Douglas Kruse,Male,,,
26477,Eduardo Schwartz,Male,,,
26480,Arman Mansoorian,Male,,,
26494,Carl Kogut,Male,,,
26503,Bruce McCullough,Male,,,
26513,Dale J. Menkhaus,Male,,,
26526,Alan Kreuger,Male,,,
26553,Irena Dushi,Female,,,
26558,E Clark-Kauffman,Female,,,
26570,Annette Vissing-Jorgensen,Female,,,
26576,Frank A Wolak,Male,,,
26597,Dag Morten Dalen,Male,,,
26614,Christopher M. Meissner,Male,,,
26617,David Masclet,Male,,,
26624,Catherine de Fontenay,Female,,,
26626,Edoh Amiran,Male,,,
26630,Christoph Thoenissen,Male,,,
26636,Federica Teppa,Female,,,
26659,David Perez-Castrillo,Male,,,
26670,Albert Satorra,Male,,,
26687,Frank Geary,Male,,,
26689,Doron Sonsino,Male,,,
26697,Beatrice Weder di Mauro,Female,,,
26703,Bruno Cassiman,Male,,,
26712,Bo Honor?,Male,,,
26714,Christian Belzil,Male,,,
26744,Carlos García Serrano,Male,,,
26745,donald storrie,Male,,,
26746,Donald S Siegel,Male,,,
26792,Henri Sterdyniak,Male,,,
26808,Finn Førsund,Male,,,
26810,Alan Woodfield,Male,,,
26819,Aubrey Fiennes Trotman-Dickenson,Male,,,
26829,C.F. Sirmans,Male,,,
26834,Henry M. Peskin,Male,,,
26836,Francis Tapon,Male,,,
26840,Donald J. Lecraw,Male,,,
26842,Dietrich K Fausten,Male,,,
26843,Clifford James Geertz,Male,,,
26852,Daniel Seiver,Male,,,
26869,Charles Ingene,Male,,,
26874,Edgar A. Pessemier,Male,,,
26875,Alfred Vanags,Male,,,
26879,David L. Kaserman,Male,,,
26898,Edward Arthur Kuska,Male,,,
26919,C Glezakos,Male,,,
26928,Barry Dwolatzky,Male,,,
26929,Elias Karakitsos,Male,,,
26930,Berc Rustem,Male,,,
26932,David Encaoua,Male,,,
26933,Dick Netzer,Male,,,
26942,"Douglas A. Hibbs, Jr.",Male,,,
26943,Henry Chappell,Male,,,
26948,Daniel Feenberg,Male,,,
26958,Barbara Devaney,Female,,,
26964,George I. Treyz,Male,,,
26965,Charles Leven,Male,,,
26978,Charles R. Knoeber,Male,,,
26979,David G. Bivin,Male,,,
26986,Elroy Dimson,Male,,,
26989,Andr? Masson,Male,,,
26996,Vaggi Giovanni,Male,,,
26999,Hugh M Neary,Male,,,
27005,David A. Aschauer,Male,,,
27009,Eduardo Wiesner,Male,,,
27017,Alan M. Rugman,Male,,,
27018,Cordelia W Reimers,Female,,,
27028,Caglar Keyder,Male,,,
27050,Erich Gundlach,Male,,,
27056,Bart Cockx,Male,,,
27057,David Collie,Male,,,
27071,Andreas Beyer,Male,,,
27077,David Piachaud,Male,,,
27080,Bent Nielsen,Male,,,
27085,Christis Hassapis,Male,,,
27094,Gabriel P?rez-Quirós,Male,,,
27096,Giacomo Corneo,Male,,,
27097,Hans Peter Grüner,Male,,,
27100,Alastair R Hall,Male,,,
27114,Alois Stutzer,Male,,,
27116,Francis Breedon,Male,,,
27133,Guido Ascari,Male,,,
27135,Elaina Rose,Female,,,
27145,Gavin Cameron,Male,,,
27152,Blake LeBaron,Male,,,
27172,Ann Wolverton,Female,,,
27173,Eduardo Ley,Male,,,
27182,Ashwini Deshpande,Female,,,
27193,Eric Jensen,Male,,,
27200,Helle Bunzel,Female,,,
27205,G?rard Weisbuch,Male,,,
27206,Dorothea Herreiner,Female,,,
27222,David Collard,Male,,,
27225,Deena Khatkhate,Male,,,
27246,Diane Alexander,Female,,,
27249,Henry Rosovsky,Male,,,
27277,Horace J. Depodwin,Male,,,
27298,Gaston V. Rimlinger,Male,,,
27304,Anthony Bottomley,Male,,,
27305,Charles O. Meiburg,Male,,,
27338,Arthur Beacham ,Male,,,
27343,Amiya Kumar Bagchi,Male,,,
27348,Bagicha Singh Minhas,Male,,,
27361,George Feiger,Male,,,
27371,George de Menil,Male,,,
27380,Barak Richman,Male,,,
27392,Ezio Tarantelli,Male,,,
27395,Gerald R. Faulhaber,Male,,,
27405,David W. Rasmussen',Male,,,
27406,Andy Cosh,Male,,,
27420,Anthony Clunies-Ross,Male,,,
27421,George Catephores,Male,,,
27440,Ester Boserup,Female,,,
27448,Gideon Rosenbluth,Male,,,
27450,Alfred Steinherr,Male,,,
27476,Barry Bosworth,Male,,,
27484,Benjamin A. Okner,Male,,,
27496,George C. Eads,Male,,,
27504,David Laibson,Male,,,
27513,Joseph Stiglitz,Male,,,
27520,Eva Ventura,Female,,,
27521,Andrea Pescatori,Male,,,
27522,Ciro Biderman,Male,,,
27524,Alexandre Schneider,Male,,,
27525,Hans G. Bloemen,Male,,,
27526,Carlos Alos-Ferrer,Male,,,
27533,Georgios Chortareas,Male,,,
27541,Carl Emmerson,Male,,,
27542,Gemma Tetlow,Female,,,
27543,David Cuberes,Male,,,
27549,Timothy C. Johnson,Male,,,
27556,Pierre M. Picard,Male,,,
27559,Douglas Cumming,Male,,,
27560,Alan Hughes,Male,,,
27561,Astrid Hopfensitz,Female,,,
27563,Catherine L. Kling,Female,,,
27575,Guttorm Schjelderup,Male,,,
27586,Bruce G. Charlton,Male,,,
27591,Fernando Antonio Lozano,Male,,,
27602,Brent R. Moulton,Male,,,
27603,Steven Rosenthal,Male,,,
27604,David B. Wasshausen,Male,,,
27610,Daniel Schunk,Male,,,
27611,Thomas Crossley,Male,,,
27615,Ann Huff Stevens,Female,,,
27620,Daniel Sullivan,Male,,,
27622,Amelia Biehl,Female,,,
27624,Brian Chezum,Male,,,
27630,Brian Wansink,Male,,,
27631,David R. Just,Male,,,
27632,Collin R. Payne,Male,,,
27633,Andrew Foster,Male,,,
27636,John Felkner,Male,,,
27640,Robert Townsend,Male,,,
27648,Conrad Miller,Male,,,
27651,Brahima Coulibaly,Male,,,
27652,Gerard Padro I Miquel,Male,,,
27655,Jeremy M. Weinstein,Male,,,
27658,Elias Walsh,Male,,,
27665,Claudia R. Sahm,Female,,,
27679,David Yang,Male,,,
27680,Eric Van Den Steen,Male,,,
27688,Felicia Ionescu,Female,,,
27706,Clemens Jobst,Male,,,
27709,Fabrizio Germano,Male,,,
27718,Agnes R. Quisumbing,Female,,,
27719,Aryeh D. Stein,Male,,,
27722,Abdolkarim Sadrieh,Male,,,
27726,Gerlinde Fellner,Female,,,
27728,Emanuela Sciubba,Female,,,
